activity_number,activity_name,activity_hierarchy,activity_name_normalized,duration_days,profile_days_used,asset_requirement_count,review_source,crane_required,crane_confidence,crane_role,crane_estimated_hours,crane_profile_shape,hoist_required,hoist_confidence,hoist_role,hoist_estimated_hours,hoist_profile_shape,loading_bay_required,loading_bay_confidence,loading_bay_role,loading_bay_estimated_hours,loading_bay_profile_shape,ewp_required,ewp_confidence,ewp_role,ewp_estimated_hours,ewp_profile_shape,concrete_pump_required,concrete_pump_confidence,concrete_pump_role,concrete_pump_estimated_hours,concrete_pump_profile_shape,excavator_required,excavator_confidence,excavator_role,excavator_estimated_hours,excavator_profile_shape,forklift_required,forklift_confidence,forklift_role,forklift_estimated_hours,forklift_profile_shape,telehandler_required,telehandler_confidence,telehandler_role,telehandler_estimated_hours,telehandler_profile_shape,compactor_required,compactor_confidence,compactor_role,compactor_estimated_hours,compactor_profile_shape
1049,SA Water fire main installation,"ON SITE WORKS > SUPERSTRUCTURE > LEVEL 1 ~ 2,200m2 CARPARK > Zone A",sa water fire main installation,1,1,3,manual_first_pass,False,,,0.0,,False,,,0.0,,False,,,0.0,,False,,,0.0,,False,,,0.0,,True,0.75,lead,7.0,single_day,False,,,0.0,,True,0.75,incidental,1.0,single_day,True,0.75,incidental,1.0,single_day
1051,Ground floor column pour,"ON SITE WORKS > SUPERSTRUCTURE > LEVEL 1 ~ 2,200m2 CARPARK > Zone A",ground floor column pour,1,1,2,manual_first_pass,False,,,0.0,,False,,,0.0,,False,,,0.0,,True,0.75,support,0.75,single_day,True,0.95,lead,6.5,single_day,False,,,0.0,,False,,,0.0,,False,,,0.0,,False,,,0.0,
1052,Ground floor strip columns,"ON SITE WORKS > SUPERSTRUCTURE > LEVEL 1 ~ 2,200m2 CARPARK > Zone A",ground floor strip columns,1,1,2,manual_first_pass,False,,,0.0,,False,,,0.0,,False,,,0.0,,True,0.8,lead,1.5,single_day,False,,,0.0,,False,,,0.0,,True,0.5,incidental,1.0,single_day,False,,,0.0,,False,,,0.0,
1059,Install services,"ON SITE WORKS > SUPERSTRUCTURE > LEVEL 1 ~ 2,200m2 CARPARK > Zone A",install services,2,2,3,manual_first_pass,False,,,0.0,,True,0.2,incidental,1.5,uniform,False,,,0.0,,False,,,0.0,,False,,,0.0,,False,,,0.0,,True,0.15,incidental,1.0,uniform,True,0.25,lead,2.5,uniform,False,,,0.0,
1061,Concrete pour floor slab Zone [A] pour (1),"ON SITE WORKS > SUPERSTRUCTURE > LEVEL 1 ~ 2,200m2 CARPARK > Zone A",concrete pour floor slab zone pour,1,1,1,manual_first_pass,False,,,0.0,,False,,,0.0,,False,,,0.0,,False,,,0.0,,True,0.95,lead,8.0,single_day,False,,,0.0,,False,,,0.0,,False,,,0.0,,False,,,0.0,
1062,Concrete pour floor slab Zone [A] pour (2),"ON SITE WORKS > SUPERSTRUCTURE > LEVEL 1 ~ 2,200m2 CARPARK > Zone A",concrete pour floor slab zone pour,1,1,1,manual_first_pass,False,,,0.0,,False,,,0.0,,False,,,0.0,,False,,,0.0,,True,0.95,lead,8.0,single_day,False,,,0.0,,False,,,0.0,,False,,,0.0,,False,,,0.0,
1064,Bubbledeck false work,"ON SITE WORKS > SUPERSTRUCTURE > LEVEL 1 ~ 2,200m2 CARPARK > Zone B",bubbledeck false work,14,14,3,manual_first_pass,True,0.65,lead,35.0,staged,False,,,0.0,,False,,,0.0,,False,,,0.0,,False,,,0.0,,False,,,0.0,,True,0.3,incidental,11.0,inverse_bell,True,0.55,support,27.5,front_loaded,False,,,0.0,
1070,Install services,"ON SITE WORKS > SUPERSTRUCTURE > LEVEL 1 ~ 2,200m2 CARPARK > Zone B",install services,3,3,3,manual_first_pass,False,,,0.0,,True,0.2,incidental,2.0,uniform,False,,,0.0,,False,,,0.0,,False,,,0.0,,False,,,0.0,,True,0.15,incidental,1.5,uniform,True,0.25,lead,4.0,uniform,False,,,0.0,
1072,Concrete pour floor slab Zone [B] pour (1),"ON SITE WORKS > SUPERSTRUCTURE > LEVEL 1 ~ 2,200m2 CARPARK > Zone B",concrete pour floor slab zone pour,1,1,2,manual_first_pass,False,,,0.0,,False,,,0.0,,False,,,0.0,,False,,,0.0,,True,0.95,lead,8.0,single_day,False,,,0.0,,False,,,0.0,,True,0.2,incidental,0.5,single_day,False,,,0.0,
1073,Concrete pour floor slab Zone [B] pour (2),"ON SITE WORKS > SUPERSTRUCTURE > LEVEL 1 ~ 2,200m2 CARPARK > Zone B",concrete pour floor slab zone pour,1,1,2,manual_first_pass,False,,,0.0,,False,,,0.0,,False,,,0.0,,False,,,0.0,,True,0.95,lead,8.0,single_day,False,,,0.0,,False,,,0.0,,True,0.2,incidental,0.5,single_day,False,,,0.0,
1076,Strip slab edge and set downs - tidy up,"ON SITE WORKS > SUPERSTRUCTURE > LEVEL 2 ~ 2,200m2 CARPARK > Zone A",strip slab edge and set downs - tidy up,1,1,2,manual_first_pass,False,,,0.0,,False,,,0.0,,False,,,0.0,,True,0.3,lead,1.5,single_day,False,,,0.0,,False,,,0.0,,True,0.25,incidental,0.5,single_day,False,,,0.0,,False,,,0.0,
1081,Jump the stretcher stairs,"ON SITE WORKS > SUPERSTRUCTURE > LEVEL 2 ~ 2,200m2 CARPARK > Zone A",jump the stretcher stairs,3,3,1,manual_first_pass,True,0.65,lead,3.0,single_day_mid,False,,,0.0,,False,,,0.0,,False,,,0.0,,False,,,0.0,,False,,,0.0,,False,,,0.0,,False,,,0.0,,False,,,0.0,
1082,Jump the Hoist,"ON SITE WORKS > SUPERSTRUCTURE > LEVEL 2 ~ 2,200m2 CARPARK > Zone A",jump the hoist,1,1,2,manual_first_pass,True,0.2,incidental,1.0,single_day,True,0.98,lead,6.5,single_day,False,,,0.0,,False,,,0.0,,False,,,0.0,,False,,,0.0,,False,,,0.0,,False,,,0.0,,False,,,0.0,
1087,Pour concrete columns,"ON SITE WORKS > SUPERSTRUCTURE > LEVEL 2 ~ 2,200m2 CARPARK > Zone A",pour concrete columns,2,2,2,manual_first_pass,False,,,0.0,,False,,,0.0,,False,,,0.0,,False,,,0.0,,True,0.95,lead,8.0,single_day_end,False,,,0.0,,False,,,0.0,,True,0.2,incidental,0.5,single_day_end,False,,,0.0,
1088,Strip and remove column form work,"ON SITE WORKS > SUPERSTRUCTURE > LEVEL 2 ~ 2,200m2 CARPARK > Zone A",strip and remove column form work,1,1,2,manual_first_pass,False,,,0.0,,False,,,0.0,,False,,,0.0,,False,,,0.0,,False,,,0.0,,False,,,0.0,,True,0.25,incidental,0.5,single_day,True,0.3,lead,1.5,single_day,False,,,0.0,
1091,Install BD false work,"ON SITE WORKS > SUPERSTRUCTURE > LEVEL 2 ~ 2,200m2 CARPARK > Zone A",install bd false work,9,9,2,manual_first_pass,True,0.65,lead,23.5,staged,False,,,0.0,,False,,,0.0,,False,,,0.0,,False,,,0.0,,False,,,0.0,,True,0.3,incidental,7.0,inverse_bell,False,,,0.0,,False,,,0.0,
1098,Install services,"ON SITE WORKS > SUPERSTRUCTURE > LEVEL 2 ~ 2,200m2 CARPARK > Zone A",install services,1,1,2,manual_first_pass,False,,,0.0,,True,0.2,incidental,0.5,single_day,False,,,0.0,,False,,,0.0,,False,,,0.0,,False,,,0.0,,False,,,0.0,,True,0.25,lead,1.5,single_day,False,,,0.0,
1101,Concrete pour floor slab Zone [A] pour (1),"ON SITE WORKS > SUPERSTRUCTURE > LEVEL 2 ~ 2,200m2 CARPARK > Zone A",concrete pour floor slab zone pour,0,1,1,manual_first_pass,False,,,0.0,,False,,,0.0,,False,,,0.0,,False,,,0.0,,True,0.95,lead,8.0,single_day,False,,,0.0,,False,,,0.0,,False,,,0.0,,False,,,0.0,
1102,Concrete Pour beam + ramp infill Zone [B],"ON SITE WORKS > SUPERSTRUCTURE > LEVEL 2 ~ 2,200m2 CARPARK > Zone A",concrete pour beam + ramp infill zone,0,1,2,manual_first_pass,False,,,0.0,,False,,,0.0,,False,,,0.0,,False,,,0.0,,True,0.95,lead,8.0,single_day,False,,,0.0,,False,,,0.0,,True,0.2,incidental,0.5,single_day,False,,,0.0,
1103,Concrete pour floor slab Zone [A] pour (2),"ON SITE WORKS > SUPERSTRUCTURE > LEVEL 2 ~ 2,200m2 CARPARK > Zone A",concrete pour floor slab zone pour,1,1,1,manual_first_pass,False,,,0.0,,False,,,0.0,,False,,,0.0,,False,,,0.0,,True,0.95,lead,8.0,single_day,False,,,0.0,,False,,,0.0,,False,,,0.0,,False,,,0.0,
1105,Strip slab edge and set downs - tidy up,"ON SITE WORKS > SUPERSTRUCTURE > LEVEL 2 ~ 2,200m2 CARPARK > Zone B",strip slab edge and set downs - tidy up,1,1,2,manual_first_pass,False,,,0.0,,False,,,0.0,,False,,,0.0,,False,,,0.0,,False,,,0.0,,False,,,0.0,,True,0.25,incidental,0.5,single_day,True,0.3,lead,1.5,single_day,False,,,0.0,
1115,Pour concrete columns,"ON SITE WORKS > SUPERSTRUCTURE > LEVEL 2 ~ 2,200m2 CARPARK > Zone B",pour concrete columns,1,1,2,manual_first_pass,False,,,0.0,,False,,,0.0,,False,,,0.0,,True,0.75,incidental,0.5,single_day,True,0.95,lead,8.0,single_day,False,,,0.0,,False,,,0.0,,False,,,0.0,,False,,,0.0,
1116,Strip and remove column form work,"ON SITE WORKS > SUPERSTRUCTURE > LEVEL 2 ~ 2,200m2 CARPARK > Zone B",strip and remove column form work,1,1,2,manual_first_pass,False,,,0.0,,False,,,0.0,,False,,,0.0,,True,0.5,lead,1.5,single_day,False,,,0.0,,False,,,0.0,,True,0.25,incidental,0.5,single_day,False,,,0.0,,False,,,0.0,
1128,Install services,"ON SITE WORKS > SUPERSTRUCTURE > LEVEL 2 ~ 2,200m2 CARPARK > Zone B",install services,1,1,3,manual_first_pass,False,,,0.0,,True,0.2,incidental,0.5,single_day,False,,,0.0,,False,,,0.0,,False,,,0.0,,False,,,0.0,,True,0.15,incidental,0.5,single_day,True,0.25,lead,1.5,single_day,False,,,0.0,
1131,Concrete pour floor slab Zone [B] pour (3),"ON SITE WORKS > SUPERSTRUCTURE > LEVEL 2 ~ 2,200m2 CARPARK > Zone B",concrete pour floor slab zone pour,1,1,2,manual_first_pass,False,,,0.0,,False,,,0.0,,False,,,0.0,,False,,,0.0,,True,0.95,lead,8.0,single_day,False,,,0.0,,False,,,0.0,,True,0.2,incidental,0.5,single_day,False,,,0.0,
1132,Concrete pour floor slab Zone [B] pour (4) (Exlcudes 1.2m strip adjacent West Precast),"ON SITE WORKS > SUPERSTRUCTURE > LEVEL 2 ~ 2,200m2 CARPARK > Zone B",concrete pour floor slab zone pour,1,1,4,manual_first_pass,True,0.9,lead,6.5,single_day,False,,,0.0,,False,,,0.0,,False,,,0.0,,True,0.95,lead,8.0,single_day,False,,,0.0,,True,0.25,incidental,1.0,single_day,True,0.3,incidental,1.0,single_day,False,,,0.0,
1134,Concrete Pour (5) - Install Threaded Rod and Pour 1.2m Strip,"ON SITE WORKS > SUPERSTRUCTURE > LEVEL 2 ~ 2,200m2 CARPARK > Zone B",concrete pour - install threaded rod and pour.2m strip,2,2,2,manual_first_pass,True,0.65,support,0.5,uniform,False,,,0.0,,False,,,0.0,,False,,,0.0,,True,0.95,lead,8.0,single_day_end,False,,,0.0,,False,,,0.0,,False,,,0.0,,False,,,0.0,
1137,Strip slab edge and set downs - tidy up,"ON SITE WORKS > SUPERSTRUCTURE > LEVEL 3 ~ 2,200m2 PODIUM > Zone A",strip slab edge and set downs - tidy up,1,1,2,manual_first_pass,False,,,0.0,,False,,,0.0,,False,,,0.0,,False,,,0.0,,False,,,0.0,,False,,,0.0,,True,0.25,incidental,0.5,single_day,True,0.3,lead,1.5,single_day,False,,,0.0,
1143,Jump the Hoist,"ON SITE WORKS > SUPERSTRUCTURE > LEVEL 3 ~ 2,200m2 PODIUM > Zone A",jump the hoist,1,1,2,manual_first_pass,True,0.2,incidental,1.0,single_day,True,0.98,lead,6.5,single_day,False,,,0.0,,False,,,0.0,,False,,,0.0,,False,,,0.0,,False,,,0.0,,False,,,0.0,,False,,,0.0,
1146,Install BD false work,"ON SITE WORKS > SUPERSTRUCTURE > LEVEL 3 ~ 2,200m2 PODIUM > Zone A",install bd false work,7,7,2,manual_first_pass,True,0.65,lead,41.0,front_loaded,False,,,0.0,,False,,,0.0,,False,,,0.0,,False,,,0.0,,False,,,0.0,,True,0.3,incidental,5.5,inverse_bell,False,,,0.0,,False,,,0.0,
1155,Install services,"ON SITE WORKS > SUPERSTRUCTURE > LEVEL 3 ~ 2,200m2 PODIUM > Zone A",install services,2,2,3,manual_first_pass,False,,,0.0,,True,0.2,incidental,1.5,uniform,False,,,0.0,,False,,,0.0,,False,,,0.0,,False,,,0.0,,True,0.15,incidental,1.0,uniform,True,0.25,lead,2.5,uniform,False,,,0.0,
1158,Concrete pour floor slab Zone [A] pour (1),"ON SITE WORKS > SUPERSTRUCTURE > LEVEL 3 ~ 2,200m2 PODIUM > Zone A",concrete pour floor slab zone pour,1,1,2,manual_first_pass,False,,,0.0,,False,,,0.0,,False,,,0.0,,False,,,0.0,,True,0.95,lead,8.0,single_day,False,,,0.0,,False,,,0.0,,True,0.2,incidental,0.5,single_day,False,,,0.0,
1159,Concrete pour floor slab Zone [A] pour (2),"ON SITE WORKS > SUPERSTRUCTURE > LEVEL 3 ~ 2,200m2 PODIUM > Zone A",concrete pour floor slab zone pour,1,1,2,manual_first_pass,False,,,0.0,,False,,,0.0,,False,,,0.0,,False,,,0.0,,True,0.95,lead,8.0,single_day,False,,,0.0,,False,,,0.0,,True,0.2,incidental,0.5,single_day,False,,,0.0,
1161,Strip slab edge and set downs - tidy up,"ON SITE WORKS > SUPERSTRUCTURE > LEVEL 3 ~ 2,200m2 PODIUM > Zone B",strip slab edge and set downs - tidy up,4,4,2,manual_first_pass,False,,,0.0,,False,,,0.0,,False,,,0.0,,False,,,0.0,,False,,,0.0,,False,,,0.0,,True,0.25,incidental,2.5,back_loaded,True,0.3,lead,5.0,uniform,False,,,0.0,
1166,Jump the stretcher stairs,"ON SITE WORKS > SUPERSTRUCTURE > LEVEL 3 ~ 2,200m2 PODIUM > Zone B",jump the stretcher stairs,4,4,1,manual_first_pass,True,0.65,lead,3.0,single_day_mid,False,,,0.0,,False,,,0.0,,False,,,0.0,,False,,,0.0,,False,,,0.0,,False,,,0.0,,False,,,0.0,,False,,,0.0,
1168,Install BD false work,"ON SITE WORKS > SUPERSTRUCTURE > LEVEL 3 ~ 2,200m2 PODIUM > Zone B",install bd false work,8,8,3,manual_first_pass,True,0.65,lead,17.5,staged,False,,,0.0,,False,,,0.0,,False,,,0.0,,False,,,0.0,,False,,,0.0,,True,0.3,incidental,6.0,inverse_bell,True,0.55,support,16.0,front_loaded,False,,,0.0,
1177,Install services,"ON SITE WORKS > SUPERSTRUCTURE > LEVEL 3 ~ 2,200m2 PODIUM > Zone B",install services,2,2,3,manual_first_pass,False,,,0.0,,True,0.2,incidental,1.5,uniform,False,,,0.0,,False,,,0.0,,False,,,0.0,,False,,,0.0,,True,0.15,incidental,1.0,uniform,True,0.25,lead,2.5,uniform,False,,,0.0,
1180,Concrete pour floor slab and Columns Zone [B] pour (1),"ON SITE WORKS > SUPERSTRUCTURE > LEVEL 3 ~ 2,200m2 PODIUM > Zone B",concrete pour floor slab and columns zone pour,4,4,2,manual_first_pass,False,,,0.0,,False,,,0.0,,False,,,0.0,,False,,,0.0,,True,0.95,lead,32.5,back_loaded,False,,,0.0,,False,,,0.0,,True,0.2,incidental,2.0,back_loaded,False,,,0.0,
1181,Concrete pour floor slab and Columns Zone [B] pour (2),"ON SITE WORKS > SUPERSTRUCTURE > LEVEL 3 ~ 2,200m2 PODIUM > Zone B",concrete pour floor slab and columns zone pour,1,1,2,manual_first_pass,False,,,0.0,,False,,,0.0,,False,,,0.0,,False,,,0.0,,True,0.95,lead,8.0,single_day,False,,,0.0,,False,,,0.0,,True,0.2,incidental,0.5,single_day,False,,,0.0,
1192,Day 3 - Pour columns to pour 1,"ON SITE WORKS > SUPERSTRUCTURE > LEVEL 4 ~ 1,400m2",pour columns to pour,1,1,2,manual_first_pass,False,,,0.0,,False,,,0.0,,False,,,0.0,,False,,,0.0,,True,0.95,lead,8.0,single_day,False,,,0.0,,False,,,0.0,,True,0.2,incidental,0.5,single_day,False,,,0.0,
1198,Day 5 - Pour columns pour 2,"ON SITE WORKS > SUPERSTRUCTURE > LEVEL 4 ~ 1,400m2",pour columns pour,1,1,2,manual_first_pass,False,,,0.0,,False,,,0.0,,False,,,0.0,,False,,,0.0,,True,0.95,lead,8.0,single_day,False,,,0.0,,False,,,0.0,,True,0.2,incidental,0.5,single_day,False,,,0.0,
1200,"Day 5 - Dog box works, caulking panels","ON SITE WORKS > SUPERSTRUCTURE > LEVEL 4 ~ 1,400m2","dog box works, caulking panels",1,1,2,manual_first_pass,True,1.0,lead,2.5,single_day,False,,,0.0,,False,,,0.0,,True,0.7,lead,5.0,single_day,False,,,0.0,,False,,,0.0,,False,,,0.0,,False,,,0.0,,False,,,0.0,
1202,Day 6 - Complete dog box works – caulking panels,"ON SITE WORKS > SUPERSTRUCTURE > LEVEL 4 ~ 1,400m2",complete dog box works – caulking panels,1,1,2,manual_first_pass,True,0.65,lead,2.5,single_day,False,,,0.0,,False,,,0.0,,True,0.7,lead,5.0,single_day,False,,,0.0,,False,,,0.0,,False,,,0.0,,False,,,0.0,,False,,,0.0,
1204,Day 6 - Complete levelling pour 1,"ON SITE WORKS > SUPERSTRUCTURE > LEVEL 4 ~ 1,400m2",complete levelling pour,1,1,2,manual_first_pass,False,,,0.0,,False,,,0.0,,False,,,0.0,,False,,,0.0,,True,0.95,lead,8.0,single_day,False,,,0.0,,False,,,0.0,,True,0.2,incidental,0.5,single_day,False,,,0.0,
1206,Day 7 - Complete levelling pour 2 (2 men),"ON SITE WORKS > SUPERSTRUCTURE > LEVEL 4 ~ 1,400m2",complete levelling pour,1,1,2,manual_first_pass,False,,,0.0,,False,,,0.0,,False,,,0.0,,False,,,0.0,,True,0.95,lead,8.0,single_day,False,,,0.0,,False,,,0.0,,True,0.2,incidental,0.5,single_day,False,,,0.0,
1208,Day 8 - Commence shelf angle and sealing deck (2 men),"ON SITE WORKS > SUPERSTRUCTURE > LEVEL 4 ~ 1,400m2",commence shelf angle and sealing deck,1,1,2,manual_first_pass,True,0.65,lead,2.5,single_day,False,,,0.0,,False,,,0.0,,True,0.7,lead,5.0,single_day,False,,,0.0,,False,,,0.0,,False,,,0.0,,False,,,0.0,,False,,,0.0,
1210,Day 9 - Reo delivery first thing,"ON SITE WORKS > SUPERSTRUCTURE > LEVEL 4 ~ 1,400m2",reo delivery first thing,1,1,3,manual_first_pass,True,0.8,support,2.0,single_day,False,,,0.0,,True,0.85,lead,4.0,single_day,False,,,0.0,,False,,,0.0,,False,,,0.0,,True,0.8,support,4.0,single_day,False,,,0.0,,False,,,0.0,
1213,Day 9 - Continue shelf angle and sealing deck (2 men),"ON SITE WORKS > SUPERSTRUCTURE > LEVEL 4 ~ 1,400m2",continue shelf angle and sealing deck,1,1,2,manual_first_pass,True,0.65,lead,2.5,single_day,False,,,0.0,,False,,,0.0,,True,0.7,lead,5.0,single_day,False,,,0.0,,False,,,0.0,,False,,,0.0,,False,,,0.0,,False,,,0.0,
1216,"Day 10 - Complete shelf angle and sealing deck, and pre pour works (6 men)","ON SITE WORKS > SUPERSTRUCTURE > LEVEL 4 ~ 1,400m2","complete shelf angle and sealing deck, and pre pour works",2,2,2,manual_first_pass,True,0.65,lead,5.0,uniform,False,,,0.0,,False,,,0.0,,True,0.7,lead,10.0,uniform,False,,,0.0,,False,,,0.0,,False,,,0.0,,False,,,0.0,,False,,,0.0,
1219,"Day 11 - Slab pour, pour 1","ON SITE WORKS > SUPERSTRUCTURE > LEVEL 4 ~ 1,400m2","slab pour, pour",1,1,1,manual_first_pass,False,,,0.0,,False,,,0.0,,False,,,0.0,,False,,,0.0,,True,0.95,lead,8.0,single_day,False,,,0.0,,False,,,0.0,,False,,,0.0,,False,,,0.0,
1220,"Day 12 - Slab pour, pour 2","ON SITE WORKS > SUPERSTRUCTURE > LEVEL 4 ~ 1,400m2","slab pour, pour",1,1,2,manual_first_pass,False,,,0.0,,False,,,0.0,,False,,,0.0,,False,,,0.0,,True,0.95,lead,8.0,single_day,False,,,0.0,,False,,,0.0,,True,0.2,incidental,0.5,single_day,False,,,0.0,
1231,Day 3 - Pour columns to pour 1,"ON SITE WORKS > SUPERSTRUCTURE > LEVEL 5 ~ 1,400m2",pour columns to pour,1,1,2,manual_first_pass,False,,,0.0,,False,,,0.0,,False,,,0.0,,False,,,0.0,,True,0.95,lead,8.0,single_day,False,,,0.0,,False,,,0.0,,True,0.2,incidental,0.5,single_day,False,,,0.0,
1237,Day 5 - Pour columns pour 2,"ON SITE WORKS > SUPERSTRUCTURE > LEVEL 5 ~ 1,400m2",pour columns pour,1,1,2,manual_first_pass,False,,,0.0,,False,,,0.0,,False,,,0.0,,False,,,0.0,,True,0.95,lead,8.0,single_day,False,,,0.0,,False,,,0.0,,True,0.2,incidental,0.5,single_day,False,,,0.0,
1239,"Day 5 - Dog box works, caulking panels","ON SITE WORKS > SUPERSTRUCTURE > LEVEL 5 ~ 1,400m2","dog box works, caulking panels",1,1,2,manual_first_pass,True,0.65,lead,2.5,single_day,False,,,0.0,,False,,,0.0,,True,0.7,lead,5.0,single_day,False,,,0.0,,False,,,0.0,,False,,,0.0,,False,,,0.0,,False,,,0.0,
1241,Day 6 - Complete dog box works – caulking panels,"ON SITE WORKS > SUPERSTRUCTURE > LEVEL 5 ~ 1,400m2",complete dog box works – caulking panels,1,1,2,manual_first_pass,True,0.65,lead,2.5,single_day,False,,,0.0,,False,,,0.0,,True,0.7,lead,5.0,single_day,False,,,0.0,,False,,,0.0,,False,,,0.0,,False,,,0.0,,False,,,0.0,
1243,Day 6 - Complete levelling pour 1,"ON SITE WORKS > SUPERSTRUCTURE > LEVEL 5 ~ 1,400m2",complete levelling pour,1,1,2,manual_first_pass,False,,,0.0,,False,,,0.0,,False,,,0.0,,False,,,0.0,,True,0.95,lead,8.0,single_day,False,,,0.0,,False,,,0.0,,True,0.2,incidental,0.5,single_day,False,,,0.0,
1245,Day 7 - Complete levelling pour 2 (2 men),"ON SITE WORKS > SUPERSTRUCTURE > LEVEL 5 ~ 1,400m2",complete levelling pour,1,1,2,manual_first_pass,False,,,0.0,,False,,,0.0,,False,,,0.0,,False,,,0.0,,True,0.95,lead,8.0,single_day,False,,,0.0,,False,,,0.0,,True,0.2,incidental,0.5,single_day,False,,,0.0,
1247,Day 8 - Commence shelf angle and sealing deck (2 men),"ON SITE WORKS > SUPERSTRUCTURE > LEVEL 5 ~ 1,400m2",commence shelf angle and sealing deck,1,1,2,manual_first_pass,True,0.65,lead,2.5,single_day,False,,,0.0,,False,,,0.0,,True,0.7,lead,5.0,single_day,False,,,0.0,,False,,,0.0,,False,,,0.0,,False,,,0.0,,False,,,0.0,
1249,Day 9 - Reo delivery first thing,"ON SITE WORKS > SUPERSTRUCTURE > LEVEL 5 ~ 1,400m2",reo delivery first thing,1,1,4,manual_first_pass,True,0.35,support,2.0,single_day,False,,,0.0,,True,0.85,lead,4.0,single_day,False,,,0.0,,False,,,0.0,,False,,,0.0,,True,0.7,support,2.0,single_day,True,0.3,incidental,1.0,single_day,False,,,0.0,
1252,Day 9 - Continue shelf angle and sealing deck (2 men),"ON SITE WORKS > SUPERSTRUCTURE > LEVEL 5 ~ 1,400m2",continue shelf angle and sealing deck,1,1,2,manual_first_pass,True,0.65,lead,2.5,single_day,False,,,0.0,,False,,,0.0,,True,0.7,lead,5.0,single_day,False,,,0.0,,False,,,0.0,,False,,,0.0,,False,,,0.0,,False,,,0.0,
1255,"Day 10 - Complete shelf angle and sealing deck, and pre pour works (6 men)","ON SITE WORKS > SUPERSTRUCTURE > LEVEL 5 ~ 1,400m2","complete shelf angle and sealing deck, and pre pour works",1,1,2,manual_first_pass,True,0.65,lead,2.5,single_day,False,,,0.0,,False,,,0.0,,True,0.7,lead,5.0,single_day,False,,,0.0,,False,,,0.0,,False,,,0.0,,False,,,0.0,,False,,,0.0,
1258,"Day 11 - Slab pour, pour 1","ON SITE WORKS > SUPERSTRUCTURE > LEVEL 5 ~ 1,400m2","slab pour, pour",1,1,2,manual_first_pass,False,,,0.0,,False,,,0.0,,False,,,0.0,,False,,,0.0,,True,0.95,lead,8.0,single_day,False,,,0.0,,False,,,0.0,,True,0.2,incidental,0.5,single_day,False,,,0.0,
1259,"Day 12 - Slab pour, pour 2","ON SITE WORKS > SUPERSTRUCTURE > LEVEL 5 ~ 1,400m2","slab pour, pour",1,1,2,manual_first_pass,False,,,0.0,,False,,,0.0,,False,,,0.0,,False,,,0.0,,True,0.95,lead,8.0,single_day,False,,,0.0,,False,,,0.0,,True,0.2,incidental,0.5,single_day,False,,,0.0,
1270,Day 3 - Pour columns to pour 1,"ON SITE WORKS > SUPERSTRUCTURE > LEVEL 6 ~ 1,400m2",pour columns to pour,1,1,2,manual_first_pass,False,,,0.0,,False,,,0.0,,False,,,0.0,,False,,,0.0,,True,0.95,lead,8.0,single_day,False,,,0.0,,False,,,0.0,,True,0.2,incidental,0.5,single_day,False,,,0.0,
1276,Day 5 - Pour columns pour 2,"ON SITE WORKS > SUPERSTRUCTURE > LEVEL 6 ~ 1,400m2",pour columns pour,1,1,2,manual_first_pass,False,,,0.0,,False,,,0.0,,False,,,0.0,,False,,,0.0,,True,0.95,lead,8.0,single_day,False,,,0.0,,False,,,0.0,,True,0.2,incidental,0.5,single_day,False,,,0.0,
1278,"Day 5 - Dog box works, caulking panels","ON SITE WORKS > SUPERSTRUCTURE > LEVEL 6 ~ 1,400m2","dog box works, caulking panels",1,1,2,manual_first_pass,True,0.65,lead,2.5,single_day,False,,,0.0,,False,,,0.0,,True,0.7,lead,5.0,single_day,False,,,0.0,,False,,,0.0,,False,,,0.0,,False,,,0.0,,False,,,0.0,
1280,Day 6 - Complete dog box works – caulking panels,"ON SITE WORKS > SUPERSTRUCTURE > LEVEL 6 ~ 1,400m2",complete dog box works – caulking panels,1,1,2,manual_first_pass,True,0.65,lead,2.5,single_day,False,,,0.0,,False,,,0.0,,True,0.7,lead,5.0,single_day,False,,,0.0,,False,,,0.0,,False,,,0.0,,False,,,0.0,,False,,,0.0,
1282,Day 6 - Complete levelling pour 1,"ON SITE WORKS > SUPERSTRUCTURE > LEVEL 6 ~ 1,400m2",complete levelling pour,1,1,2,manual_first_pass,False,,,0.0,,False,,,0.0,,False,,,0.0,,False,,,0.0,,True,0.95,lead,8.0,single_day,False,,,0.0,,False,,,0.0,,True,0.2,incidental,0.5,single_day,False,,,0.0,
1284,Day 7 - Complete levelling pour 2 (2 men),"ON SITE WORKS > SUPERSTRUCTURE > LEVEL 6 ~ 1,400m2",complete levelling pour,1,1,2,manual_first_pass,False,,,0.0,,False,,,0.0,,False,,,0.0,,False,,,0.0,,True,0.95,lead,8.0,single_day,False,,,0.0,,False,,,0.0,,True,0.2,incidental,0.5,single_day,False,,,0.0,
1286,Day 8 - Commence shelf angle and sealing deck (2 men),"ON SITE WORKS > SUPERSTRUCTURE > LEVEL 6 ~ 1,400m2",commence shelf angle and sealing deck,1,1,2,manual_first_pass,True,0.65,lead,2.5,single_day,False,,,0.0,,False,,,0.0,,True,0.7,lead,5.0,single_day,False,,,0.0,,False,,,0.0,,False,,,0.0,,False,,,0.0,,False,,,0.0,
1288,Day 9 - Reo delivery first thing,"ON SITE WORKS > SUPERSTRUCTURE > LEVEL 6 ~ 1,400m2",reo delivery first thing,1,1,4,manual_first_pass,True,0.35,support,2.0,single_day,False,,,0.0,,True,0.85,lead,4.0,single_day,False,,,0.0,,False,,,0.0,,False,,,0.0,,True,0.7,support,2.0,single_day,True,0.3,incidental,1.0,single_day,False,,,0.0,
1291,Day 9 - Continue shelf angle and sealing deck (2 men),"ON SITE WORKS > SUPERSTRUCTURE > LEVEL 6 ~ 1,400m2",continue shelf angle and sealing deck,1,1,2,manual_first_pass,True,0.65,lead,2.5,single_day,False,,,0.0,,False,,,0.0,,True,0.7,lead,5.0,single_day,False,,,0.0,,False,,,0.0,,False,,,0.0,,False,,,0.0,,False,,,0.0,
1294,"Day 10 - Complete shelf angle and sealing deck, and pre pour works (6 men)","ON SITE WORKS > SUPERSTRUCTURE > LEVEL 6 ~ 1,400m2","complete shelf angle and sealing deck, and pre pour works",1,1,2,manual_first_pass,True,0.65,lead,2.5,single_day,False,,,0.0,,False,,,0.0,,True,0.7,lead,5.0,single_day,False,,,0.0,,False,,,0.0,,False,,,0.0,,False,,,0.0,,False,,,0.0,
1297,"Day 11 - Slab pour, pour 1","ON SITE WORKS > SUPERSTRUCTURE > LEVEL 6 ~ 1,400m2","slab pour, pour",1,1,2,manual_first_pass,False,,,0.0,,False,,,0.0,,False,,,0.0,,False,,,0.0,,True,0.95,lead,8.0,single_day,False,,,0.0,,False,,,0.0,,True,0.2,incidental,0.5,single_day,False,,,0.0,
1298,Day 12 - Strip Slab Edging and prepare for Pour 2,"ON SITE WORKS > SUPERSTRUCTURE > LEVEL 6 ~ 1,400m2",strip slab edging and prepare for pour,1,1,2,manual_first_pass,False,,,0.0,,False,,,0.0,,False,,,0.0,,False,,,0.0,,False,,,0.0,,False,,,0.0,,True,0.25,incidental,0.5,single_day,True,0.3,lead,1.5,single_day,False,,,0.0,
1299,"Day 13 - Slab pour, pour 2","ON SITE WORKS > SUPERSTRUCTURE > LEVEL 6 ~ 1,400m2","slab pour, pour",1,1,2,manual_first_pass,False,,,0.0,,False,,,0.0,,False,,,0.0,,False,,,0.0,,True,0.95,lead,8.0,single_day,False,,,0.0,,False,,,0.0,,True,0.2,incidental,0.5,single_day,False,,,0.0,
1310,Day 3 - Pour columns to pour 1,"ON SITE WORKS > SUPERSTRUCTURE > LEVEL 7 ~ 1,400m2",pour columns to pour,1,1,2,manual_first_pass,False,,,0.0,,False,,,0.0,,False,,,0.0,,False,,,0.0,,True,0.95,lead,8.0,single_day,False,,,0.0,,False,,,0.0,,True,0.2,incidental,0.5,single_day,False,,,0.0,
1316,Day 5 - Pour columns pour 2,"ON SITE WORKS > SUPERSTRUCTURE > LEVEL 7 ~ 1,400m2",pour columns pour,1,1,2,manual_first_pass,False,,,0.0,,False,,,0.0,,False,,,0.0,,False,,,0.0,,True,0.95,lead,8.0,single_day,False,,,0.0,,False,,,0.0,,True,0.2,incidental,0.5,single_day,False,,,0.0,
1318,"Day 5 - Dog box works, caulking panels","ON SITE WORKS > SUPERSTRUCTURE > LEVEL 7 ~ 1,400m2","dog box works, caulking panels",1,1,2,manual_first_pass,True,0.65,lead,2.5,single_day,False,,,0.0,,False,,,0.0,,True,0.7,lead,5.0,single_day,False,,,0.0,,False,,,0.0,,False,,,0.0,,False,,,0.0,,False,,,0.0,
1320,Day 6 - Complete dog box works – caulking panels,"ON SITE WORKS > SUPERSTRUCTURE > LEVEL 7 ~ 1,400m2",complete dog box works – caulking panels,1,1,2,manual_first_pass,True,0.65,lead,2.5,single_day,False,,,0.0,,False,,,0.0,,True,0.7,lead,5.0,single_day,False,,,0.0,,False,,,0.0,,False,,,0.0,,False,,,0.0,,False,,,0.0,
1322,Day 6 - Complete levelling pour 1,"ON SITE WORKS > SUPERSTRUCTURE > LEVEL 7 ~ 1,400m2",complete levelling pour,1,1,2,manual_first_pass,False,,,0.0,,False,,,0.0,,False,,,0.0,,False,,,0.0,,True,0.95,lead,8.0,single_day,False,,,0.0,,False,,,0.0,,True,0.2,incidental,0.5,single_day,False,,,0.0,
1324,Day 7 - Complete levelling pour 2 (2 men),"ON SITE WORKS > SUPERSTRUCTURE > LEVEL 7 ~ 1,400m2",complete levelling pour,1,1,2,manual_first_pass,False,,,0.0,,False,,,0.0,,False,,,0.0,,False,,,0.0,,True,0.95,lead,8.0,single_day,False,,,0.0,,False,,,0.0,,True,0.2,incidental,0.5,single_day,False,,,0.0,
1326,Day 8 - Commence shelf angle and sealing deck (2 men),"ON SITE WORKS > SUPERSTRUCTURE > LEVEL 7 ~ 1,400m2",commence shelf angle and sealing deck,2,2,2,manual_first_pass,True,0.65,lead,5.0,uniform,False,,,0.0,,False,,,0.0,,True,0.7,lead,10.0,uniform,False,,,0.0,,False,,,0.0,,False,,,0.0,,False,,,0.0,,False,,,0.0,
1328,Day 9 - Reo delivery first thing,"ON SITE WORKS > SUPERSTRUCTURE > LEVEL 7 ~ 1,400m2",reo delivery first thing,1,1,4,manual_first_pass,True,0.35,support,2.0,single_day,False,,,0.0,,True,0.85,lead,4.0,single_day,False,,,0.0,,False,,,0.0,,False,,,0.0,,True,0.7,support,2.0,single_day,True,0.3,incidental,1.0,single_day,False,,,0.0,
1331,Day 9 - Continue shelf angle and sealing deck (2 men),"ON SITE WORKS > SUPERSTRUCTURE > LEVEL 7 ~ 1,400m2",continue shelf angle and sealing deck,1,1,2,manual_first_pass,True,0.65,lead,2.5,single_day,False,,,0.0,,False,,,0.0,,True,0.7,lead,5.0,single_day,False,,,0.0,,False,,,0.0,,False,,,0.0,,False,,,0.0,,False,,,0.0,
1334,"Day 10 - Complete shelf angle and sealing deck, and pre pour works (6 men)","ON SITE WORKS > SUPERSTRUCTURE > LEVEL 7 ~ 1,400m2","complete shelf angle and sealing deck, and pre pour works",1,1,2,manual_first_pass,True,0.65,lead,2.5,single_day,False,,,0.0,,False,,,0.0,,True,0.7,lead,5.0,single_day,False,,,0.0,,False,,,0.0,,False,,,0.0,,False,,,0.0,,False,,,0.0,
1336,"Day 11 - Slab pour, pour 1","ON SITE WORKS > SUPERSTRUCTURE > LEVEL 7 ~ 1,400m2","slab pour, pour",0,1,2,manual_first_pass,False,,,0.0,,False,,,0.0,,False,,,0.0,,False,,,0.0,,True,0.95,lead,8.0,single_day,False,,,0.0,,False,,,0.0,,True,0.2,incidental,0.5,single_day,False,,,0.0,
1337,Day 12 - Strip Slab Edging and prepare for Pour 2,"ON SITE WORKS > SUPERSTRUCTURE > LEVEL 7 ~ 1,400m2",strip slab edging and prepare for pour,1,1,2,manual_first_pass,False,,,0.0,,False,,,0.0,,False,,,0.0,,False,,,0.0,,False,,,0.0,,False,,,0.0,,True,0.25,incidental,0.5,single_day,True,0.3,lead,1.5,single_day,False,,,0.0,
1338,"Day 13 - Slab pour, pour 2","ON SITE WORKS > SUPERSTRUCTURE > LEVEL 7 ~ 1,400m2","slab pour, pour",1,1,2,manual_first_pass,False,,,0.0,,False,,,0.0,,False,,,0.0,,False,,,0.0,,True,0.95,lead,8.0,single_day,False,,,0.0,,False,,,0.0,,True,0.2,incidental,0.5,single_day,False,,,0.0,
1349,Day 3 - Pour columns to pour 1,"ON SITE WORKS > SUPERSTRUCTURE > LEVEL 8 ~ 1,400m2",pour columns to pour,1,1,2,manual_first_pass,False,,,0.0,,False,,,0.0,,False,,,0.0,,False,,,0.0,,True,0.95,lead,8.0,single_day,False,,,0.0,,False,,,0.0,,True,0.2,incidental,0.5,single_day,False,,,0.0,
1355,Day 5 - Pour columns pour 2,"ON SITE WORKS > SUPERSTRUCTURE > LEVEL 8 ~ 1,400m2",pour columns pour,1,1,2,manual_first_pass,False,,,0.0,,False,,,0.0,,False,,,0.0,,False,,,0.0,,True,0.95,lead,8.0,single_day,False,,,0.0,,False,,,0.0,,True,0.2,incidental,0.5,single_day,False,,,0.0,
1357,"Day 5 - Dog box works, caulking panels","ON SITE WORKS > SUPERSTRUCTURE > LEVEL 8 ~ 1,400m2","dog box works, caulking panels",1,1,2,manual_first_pass,True,0.65,lead,2.5,single_day,False,,,0.0,,False,,,0.0,,True,0.7,lead,5.0,single_day,False,,,0.0,,False,,,0.0,,False,,,0.0,,False,,,0.0,,False,,,0.0,
1359,Day 6 - Complete dog box works – caulking panels,"ON SITE WORKS > SUPERSTRUCTURE > LEVEL 8 ~ 1,400m2",complete dog box works – caulking panels,1,1,2,manual_first_pass,True,0.65,lead,2.5,single_day,False,,,0.0,,False,,,0.0,,True,0.7,lead,5.0,single_day,False,,,0.0,,False,,,0.0,,False,,,0.0,,False,,,0.0,,False,,,0.0,
1361,Day 6 - Complete levelling pour 1,"ON SITE WORKS > SUPERSTRUCTURE > LEVEL 8 ~ 1,400m2",complete levelling pour,1,1,2,manual_first_pass,False,,,0.0,,False,,,0.0,,False,,,0.0,,False,,,0.0,,True,0.95,lead,8.0,single_day,False,,,0.0,,False,,,0.0,,True,0.2,incidental,0.5,single_day,False,,,0.0,
1363,Day 7 - Complete levelling pour 2 (2 men),"ON SITE WORKS > SUPERSTRUCTURE > LEVEL 8 ~ 1,400m2",complete levelling pour,1,1,0,manual_first_pass,False,,,0.0,,False,,,0.0,,False,,,0.0,,False,,,0.0,,False,,,0.0,,False,,,0.0,,False,,,0.0,,False,,,0.0,,False,,,0.0,
1365,Day 8 - Commence shelf angle and sealing deck (2 men),"ON SITE WORKS > SUPERSTRUCTURE > LEVEL 8 ~ 1,400m2",commence shelf angle and sealing deck,1,1,2,manual_first_pass,True,0.65,lead,2.5,single_day,False,,,0.0,,False,,,0.0,,True,0.7,lead,5.0,single_day,False,,,0.0,,False,,,0.0,,False,,,0.0,,False,,,0.0,,False,,,0.0,
1367,Day 9 - Reo delivery first thing,"ON SITE WORKS > SUPERSTRUCTURE > LEVEL 8 ~ 1,400m2",reo delivery first thing,1,1,4,manual_first_pass,True,0.35,support,2.0,single_day,False,,,0.0,,True,0.85,lead,4.0,single_day,False,,,0.0,,False,,,0.0,,False,,,0.0,,True,0.7,support,2.0,single_day,True,0.3,incidental,1.0,single_day,False,,,0.0,
1370,Day 9 - Continue shelf angle and sealing deck (2 men),"ON SITE WORKS > SUPERSTRUCTURE > LEVEL 8 ~ 1,400m2",continue shelf angle and sealing deck,1,1,2,manual_first_pass,True,0.65,lead,2.5,single_day,False,,,0.0,,False,,,0.0,,True,0.7,lead,5.0,single_day,False,,,0.0,,False,,,0.0,,False,,,0.0,,False,,,0.0,,False,,,0.0,
1373,"Day 10 - Complete shelf angle and sealing deck, and pre pour works (6 men)","ON SITE WORKS > SUPERSTRUCTURE > LEVEL 8 ~ 1,400m2","complete shelf angle and sealing deck, and pre pour works",1,1,2,manual_first_pass,True,0.65,lead,2.5,single_day,False,,,0.0,,False,,,0.0,,True,0.7,lead,5.0,single_day,False,,,0.0,,False,,,0.0,,False,,,0.0,,False,,,0.0,,False,,,0.0,
1375,"Day 11 - Slab pour, pour 1","ON SITE WORKS > SUPERSTRUCTURE > LEVEL 8 ~ 1,400m2","slab pour, pour",1,1,2,manual_first_pass,False,,,0.0,,False,,,0.0,,False,,,0.0,,False,,,0.0,,True,0.95,lead,8.0,single_day,False,,,0.0,,False,,,0.0,,True,0.2,incidental,0.5,single_day,False,,,0.0,
1376,Day 12 - Strip Slab Edging and prepare for Pour 2,"ON SITE WORKS > SUPERSTRUCTURE > LEVEL 8 ~ 1,400m2",strip slab edging and prepare for pour,1,1,2,manual_first_pass,False,,,0.0,,False,,,0.0,,False,,,0.0,,False,,,0.0,,False,,,0.0,,False,,,0.0,,True,0.25,incidental,0.5,single_day,True,0.3,lead,1.5,single_day,False,,,0.0,
1377,"Day 13 - Slab Pour, pour 2","ON SITE WORKS > SUPERSTRUCTURE > LEVEL 8 ~ 1,400m2","slab pour, pour",1,1,2,manual_first_pass,False,,,0.0,,False,,,0.0,,False,,,0.0,,False,,,0.0,,True,0.95,lead,8.0,single_day,False,,,0.0,,False,,,0.0,,True,0.2,incidental,0.5,single_day,False,,,0.0,
1388,Day 3 - Pour columns to pour 1,"ON SITE WORKS > SUPERSTRUCTURE > LEVEL 9 ~ 1,400m2",pour columns to pour,1,1,2,manual_first_pass,False,,,0.0,,False,,,0.0,,False,,,0.0,,False,,,0.0,,True,0.95,lead,8.0,single_day,False,,,0.0,,False,,,0.0,,True,0.2,incidental,0.5,single_day,False,,,0.0,
1394,Day 5 - Pour columns pour 2,"ON SITE WORKS > SUPERSTRUCTURE > LEVEL 9 ~ 1,400m2",pour columns pour,1,1,2,manual_first_pass,False,,,0.0,,False,,,0.0,,False,,,0.0,,False,,,0.0,,True,0.95,lead,8.0,single_day,False,,,0.0,,False,,,0.0,,True,0.2,incidental,0.5,single_day,False,,,0.0,
1396,"Day 5 - Dog box works, caulking panels","ON SITE WORKS > SUPERSTRUCTURE > LEVEL 9 ~ 1,400m2","dog box works, caulking panels",1,1,2,manual_first_pass,True,0.65,lead,2.5,single_day,False,,,0.0,,False,,,0.0,,True,0.7,lead,5.0,single_day,False,,,0.0,,False,,,0.0,,False,,,0.0,,False,,,0.0,,False,,,0.0,
1398,Day 6 - Complete dog box works – caulking panels,"ON SITE WORKS > SUPERSTRUCTURE > LEVEL 9 ~ 1,400m2",complete dog box works – caulking panels,1,1,2,manual_first_pass,True,0.65,lead,2.5,single_day,False,,,0.0,,False,,,0.0,,True,0.7,lead,5.0,single_day,False,,,0.0,,False,,,0.0,,False,,,0.0,,False,,,0.0,,False,,,0.0,
1400,Day 6 - Complete levelling pour 1,"ON SITE WORKS > SUPERSTRUCTURE > LEVEL 9 ~ 1,400m2",complete levelling pour,1,1,2,manual_first_pass,False,,,0.0,,False,,,0.0,,False,,,0.0,,False,,,0.0,,True,0.95,lead,8.0,single_day,False,,,0.0,,False,,,0.0,,True,0.2,incidental,0.5,single_day,False,,,0.0,
1402,Day 7 - Complete levelling pour 2 (2 men),"ON SITE WORKS > SUPERSTRUCTURE > LEVEL 9 ~ 1,400m2",complete levelling pour,1,1,2,manual_first_pass,False,,,0.0,,False,,,0.0,,False,,,0.0,,False,,,0.0,,True,0.95,lead,8.0,single_day,False,,,0.0,,False,,,0.0,,True,0.2,incidental,0.5,single_day,False,,,0.0,
1404,Day 8 - Commence shelf angle and sealing deck (2 men),"ON SITE WORKS > SUPERSTRUCTURE > LEVEL 9 ~ 1,400m2",commence shelf angle and sealing deck,1,1,2,manual_first_pass,True,0.65,lead,2.5,single_day,False,,,0.0,,False,,,0.0,,True,0.7,lead,5.0,single_day,False,,,0.0,,False,,,0.0,,False,,,0.0,,False,,,0.0,,False,,,0.0,
1406,Day 9 - Reo delivery first thing,"ON SITE WORKS > SUPERSTRUCTURE > LEVEL 9 ~ 1,400m2",reo delivery first thing,1,1,4,manual_first_pass,True,0.35,support,2.0,single_day,False,,,0.0,,True,0.85,lead,4.0,single_day,False,,,0.0,,False,,,0.0,,False,,,0.0,,True,0.7,support,2.0,single_day,True,0.3,incidental,1.0,single_day,False,,,0.0,
1409,Day 9 - Continue shelf angle and sealing deck (2 men),"ON SITE WORKS > SUPERSTRUCTURE > LEVEL 9 ~ 1,400m2",continue shelf angle and sealing deck,1,1,2,manual_first_pass,True,0.65,lead,2.5,single_day,False,,,0.0,,False,,,0.0,,True,0.7,lead,5.0,single_day,False,,,0.0,,False,,,0.0,,False,,,0.0,,False,,,0.0,,False,,,0.0,
1412,"Day 10 - Complete shelf angle and sealing deck, and pre pour works (6 men)","ON SITE WORKS > SUPERSTRUCTURE > LEVEL 9 ~ 1,400m2","complete shelf angle and sealing deck, and pre pour works",1,1,2,manual_first_pass,True,0.65,lead,2.5,single_day,False,,,0.0,,False,,,0.0,,True,0.7,lead,5.0,single_day,False,,,0.0,,False,,,0.0,,False,,,0.0,,False,,,0.0,,False,,,0.0,
1414,"Day 11 - Slab pour, pour 1","ON SITE WORKS > SUPERSTRUCTURE > LEVEL 9 ~ 1,400m2","slab pour, pour",1,1,2,manual_first_pass,False,,,0.0,,False,,,0.0,,False,,,0.0,,False,,,0.0,,True,0.95,lead,8.0,single_day,False,,,0.0,,False,,,0.0,,True,0.2,incidental,0.5,single_day,False,,,0.0,
1415,Day 12 - Strip Slab Edging and prepare for Pour 2,"ON SITE WORKS > SUPERSTRUCTURE > LEVEL 9 ~ 1,400m2",strip slab edging and prepare for pour,1,1,2,manual_first_pass,False,,,0.0,,False,,,0.0,,False,,,0.0,,False,,,0.0,,False,,,0.0,,False,,,0.0,,True,0.25,incidental,0.5,single_day,True,0.3,lead,1.5,single_day,False,,,0.0,
1416,"Day 13 - Slab pour, pour 2","ON SITE WORKS > SUPERSTRUCTURE > LEVEL 9 ~ 1,400m2","slab pour, pour",1,1,2,manual_first_pass,False,,,0.0,,False,,,0.0,,False,,,0.0,,False,,,0.0,,True,0.95,lead,8.0,single_day,False,,,0.0,,False,,,0.0,,True,0.2,incidental,0.5,single_day,False,,,0.0,
1427,Day 3 - Pour columns to pour 1,"ON SITE WORKS > SUPERSTRUCTURE > LEVEL 10 ~ 1,400m2",pour columns to pour,1,1,2,manual_first_pass,False,,,0.0,,False,,,0.0,,False,,,0.0,,False,,,0.0,,True,0.95,lead,8.0,single_day,False,,,0.0,,False,,,0.0,,True,0.2,incidental,0.5,single_day,False,,,0.0,
1433,Day 5 - Pour columns pour 2,"ON SITE WORKS > SUPERSTRUCTURE > LEVEL 10 ~ 1,400m2",pour columns pour,1,1,2,manual_first_pass,False,,,0.0,,False,,,0.0,,False,,,0.0,,False,,,0.0,,True,0.95,lead,8.0,single_day,False,,,0.0,,False,,,0.0,,True,0.2,incidental,0.5,single_day,False,,,0.0,
1435,"Day 5 - Dog box works, caulking panels","ON SITE WORKS > SUPERSTRUCTURE > LEVEL 10 ~ 1,400m2","dog box works, caulking panels",1,1,2,manual_first_pass,True,0.65,lead,2.5,single_day,False,,,0.0,,False,,,0.0,,True,0.7,lead,5.0,single_day,False,,,0.0,,False,,,0.0,,False,,,0.0,,False,,,0.0,,False,,,0.0,
1437,Day 6 - Complete dog box works – caulking panels,"ON SITE WORKS > SUPERSTRUCTURE > LEVEL 10 ~ 1,400m2",complete dog box works – caulking panels,1,1,2,manual_first_pass,True,0.65,lead,2.5,single_day,False,,,0.0,,False,,,0.0,,True,0.7,lead,5.0,single_day,False,,,0.0,,False,,,0.0,,False,,,0.0,,False,,,0.0,,False,,,0.0,
1439,Day 6 - Complete levelling pour 1,"ON SITE WORKS > SUPERSTRUCTURE > LEVEL 10 ~ 1,400m2",complete levelling pour,1,1,2,manual_first_pass,False,,,0.0,,False,,,0.0,,False,,,0.0,,False,,,0.0,,True,0.95,lead,8.0,single_day,False,,,0.0,,False,,,0.0,,True,0.2,incidental,0.5,single_day,False,,,0.0,
1441,Day 7 - Complete levelling pour 2 (2 men),"ON SITE WORKS > SUPERSTRUCTURE > LEVEL 10 ~ 1,400m2",complete levelling pour,1,1,2,manual_first_pass,False,,,0.0,,False,,,0.0,,False,,,0.0,,False,,,0.0,,True,0.95,lead,8.0,single_day,False,,,0.0,,False,,,0.0,,True,0.2,incidental,0.5,single_day,False,,,0.0,
1443,Day 8 - Commence shelf angle and sealing deck (2 men),"ON SITE WORKS > SUPERSTRUCTURE > LEVEL 10 ~ 1,400m2",commence shelf angle and sealing deck,1,1,2,manual_first_pass,True,0.65,lead,2.5,single_day,False,,,0.0,,False,,,0.0,,True,0.7,lead,5.0,single_day,False,,,0.0,,False,,,0.0,,False,,,0.0,,False,,,0.0,,False,,,0.0,
1445,Day 9 - Reo delivery first thing,"ON SITE WORKS > SUPERSTRUCTURE > LEVEL 10 ~ 1,400m2",reo delivery first thing,1,1,4,manual_first_pass,True,0.35,support,2.0,single_day,False,,,0.0,,True,0.85,lead,4.0,single_day,False,,,0.0,,False,,,0.0,,False,,,0.0,,True,0.7,support,2.0,single_day,True,0.3,incidental,1.0,single_day,False,,,0.0,
1448,Day 9 - Continue shelf angle and sealing deck (2 men),"ON SITE WORKS > SUPERSTRUCTURE > LEVEL 10 ~ 1,400m2",continue shelf angle and sealing deck,1,1,2,manual_first_pass,True,0.65,lead,2.5,single_day,False,,,0.0,,False,,,0.0,,True,0.7,lead,5.0,single_day,False,,,0.0,,False,,,0.0,,False,,,0.0,,False,,,0.0,,False,,,0.0,
1451,"Day 10 - Complete shelf angle and sealing deck, and pre pour works (6 men)","ON SITE WORKS > SUPERSTRUCTURE > LEVEL 10 ~ 1,400m2","complete shelf angle and sealing deck, and pre pour works",1,1,2,manual_first_pass,True,0.65,lead,2.5,single_day,False,,,0.0,,False,,,0.0,,True,0.7,lead,5.0,single_day,False,,,0.0,,False,,,0.0,,False,,,0.0,,False,,,0.0,,False,,,0.0,
1453,"Day 11 - Slab pour, pour 1","ON SITE WORKS > SUPERSTRUCTURE > LEVEL 10 ~ 1,400m2","slab pour, pour",1,1,2,manual_first_pass,False,,,0.0,,False,,,0.0,,False,,,0.0,,False,,,0.0,,True,0.95,lead,8.0,single_day,False,,,0.0,,False,,,0.0,,True,0.2,incidental,0.5,single_day,False,,,0.0,
1454,Day 12 - Strip Slab Edging and prepare for Pour 2,"ON SITE WORKS > SUPERSTRUCTURE > LEVEL 10 ~ 1,400m2",strip slab edging and prepare for pour,1,1,2,manual_first_pass,False,,,0.0,,False,,,0.0,,False,,,0.0,,False,,,0.0,,False,,,0.0,,False,,,0.0,,True,0.25,incidental,0.5,single_day,True,0.3,lead,1.5,single_day,False,,,0.0,
1455,"Day 13 - Slab Pour, pour 2","ON SITE WORKS > SUPERSTRUCTURE > LEVEL 10 ~ 1,400m2","slab pour, pour",1,1,2,manual_first_pass,False,,,0.0,,False,,,0.0,,False,,,0.0,,False,,,0.0,,True,0.95,lead,8.0,single_day,False,,,0.0,,False,,,0.0,,True,0.2,incidental,0.5,single_day,False,,,0.0,
1466,Day 3 - Pour columns to pour 1,"ON SITE WORKS > SUPERSTRUCTURE > LEVEL 11 - PENTHOUSE ~ 1,400m2",pour columns to pour,1,1,2,manual_first_pass,False,,,0.0,,False,,,0.0,,False,,,0.0,,False,,,0.0,,True,0.95,lead,8.0,single_day,False,,,0.0,,False,,,0.0,,True,0.2,incidental,0.5,single_day,False,,,0.0,
1472,Day 5 - Pour columns pour 2,"ON SITE WORKS > SUPERSTRUCTURE > LEVEL 11 - PENTHOUSE ~ 1,400m2",pour columns pour,1,1,2,manual_first_pass,False,,,0.0,,False,,,0.0,,False,,,0.0,,False,,,0.0,,True,0.95,lead,8.0,single_day,False,,,0.0,,False,,,0.0,,True,0.2,incidental,0.5,single_day,False,,,0.0,
1474,"Day 5 - Dog box works, caulking panels","ON SITE WORKS > SUPERSTRUCTURE > LEVEL 11 - PENTHOUSE ~ 1,400m2","dog box works, caulking panels",1,1,2,manual_first_pass,True,0.65,lead,2.5,single_day,False,,,0.0,,False,,,0.0,,True,0.7,lead,5.0,single_day,False,,,0.0,,False,,,0.0,,False,,,0.0,,False,,,0.0,,False,,,0.0,
1476,Day 6 - Complete dog box works – caulking panels,"ON SITE WORKS > SUPERSTRUCTURE > LEVEL 11 - PENTHOUSE ~ 1,400m2",complete dog box works – caulking panels,1,1,2,manual_first_pass,True,0.65,lead,2.5,single_day,False,,,0.0,,False,,,0.0,,True,0.7,lead,5.0,single_day,False,,,0.0,,False,,,0.0,,False,,,0.0,,False,,,0.0,,False,,,0.0,
1478,Day 6 - Complete levelling pour 1,"ON SITE WORKS > SUPERSTRUCTURE > LEVEL 11 - PENTHOUSE ~ 1,400m2",complete levelling pour,1,1,2,manual_first_pass,False,,,0.0,,False,,,0.0,,False,,,0.0,,False,,,0.0,,True,0.95,lead,8.0,single_day,False,,,0.0,,False,,,0.0,,True,0.2,incidental,0.5,single_day,False,,,0.0,
1480,Day 7 - Complete levelling pour 2 (2 men),"ON SITE WORKS > SUPERSTRUCTURE > LEVEL 11 - PENTHOUSE ~ 1,400m2",complete levelling pour,1,1,2,manual_first_pass,False,,,0.0,,False,,,0.0,,False,,,0.0,,False,,,0.0,,True,0.95,lead,8.0,single_day,False,,,0.0,,False,,,0.0,,True,0.2,incidental,0.5,single_day,False,,,0.0,
1482,Day 8 - Commence shelf angle and sealing deck (2 men),"ON SITE WORKS > SUPERSTRUCTURE > LEVEL 11 - PENTHOUSE ~ 1,400m2",commence shelf angle and sealing deck,1,1,2,manual_first_pass,True,0.65,lead,2.5,single_day,False,,,0.0,,False,,,0.0,,True,0.7,lead,5.0,single_day,False,,,0.0,,False,,,0.0,,False,,,0.0,,False,,,0.0,,False,,,0.0,
1484,Day 9 - Reo delivery first thing,"ON SITE WORKS > SUPERSTRUCTURE > LEVEL 11 - PENTHOUSE ~ 1,400m2",reo delivery first thing,1,1,4,manual_first_pass,True,0.35,support,2.0,single_day,False,,,0.0,,True,0.85,lead,4.0,single_day,False,,,0.0,,False,,,0.0,,False,,,0.0,,True,0.7,support,2.0,single_day,True,0.3,incidental,1.0,single_day,False,,,0.0,
1487,Day 9 - Continue shelf angle and sealing deck (2 men),"ON SITE WORKS > SUPERSTRUCTURE > LEVEL 11 - PENTHOUSE ~ 1,400m2",continue shelf angle and sealing deck,1,1,2,manual_first_pass,True,0.65,lead,2.5,single_day,False,,,0.0,,False,,,0.0,,True,0.7,lead,5.0,single_day,False,,,0.0,,False,,,0.0,,False,,,0.0,,False,,,0.0,,False,,,0.0,
1490,"Day 10 - Complete shelf angle and sealing deck, and pre pour works (6 men)","ON SITE WORKS > SUPERSTRUCTURE > LEVEL 11 - PENTHOUSE ~ 1,400m2","complete shelf angle and sealing deck, and pre pour works",1,1,2,manual_first_pass,True,0.65,lead,2.5,single_day,False,,,0.0,,False,,,0.0,,True,0.7,lead,5.0,single_day,False,,,0.0,,False,,,0.0,,False,,,0.0,,False,,,0.0,,False,,,0.0,
1492,"Day 11 - Slab pour, pour 1","ON SITE WORKS > SUPERSTRUCTURE > LEVEL 11 - PENTHOUSE ~ 1,400m2","slab pour, pour",1,1,2,manual_first_pass,False,,,0.0,,False,,,0.0,,False,,,0.0,,False,,,0.0,,True,0.95,lead,8.0,single_day,False,,,0.0,,False,,,0.0,,True,0.2,incidental,0.5,single_day,False,,,0.0,
1493,Day 12 - Strip Slab Edging and prepare for Pour 2,"ON SITE WORKS > SUPERSTRUCTURE > LEVEL 11 - PENTHOUSE ~ 1,400m2",strip slab edging and prepare for pour,1,1,2,manual_first_pass,False,,,0.0,,False,,,0.0,,False,,,0.0,,False,,,0.0,,False,,,0.0,,False,,,0.0,,True,0.25,incidental,0.5,single_day,True,0.3,lead,1.5,single_day,False,,,0.0,
1494,"Day 13 - Slab Pour, pour 2","ON SITE WORKS > SUPERSTRUCTURE > LEVEL 11 - PENTHOUSE ~ 1,400m2","slab pour, pour",1,1,2,manual_first_pass,False,,,0.0,,False,,,0.0,,False,,,0.0,,False,,,0.0,,True,0.95,lead,8.0,single_day,False,,,0.0,,False,,,0.0,,True,0.2,incidental,0.5,single_day,False,,,0.0,
1505,Day 3 - Pour columns to pour 1,"ON SITE WORKS > SUPERSTRUCTURE > LEVEL 12 - ROOF ~ 1,400m2",pour columns to pour,1,1,2,manual_first_pass,False,,,0.0,,False,,,0.0,,False,,,0.0,,False,,,0.0,,True,0.95,lead,8.0,single_day,False,,,0.0,,False,,,0.0,,True,0.2,incidental,0.5,single_day,False,,,0.0,
1511,Day 5 - Pour columns pour 2,"ON SITE WORKS > SUPERSTRUCTURE > LEVEL 12 - ROOF ~ 1,400m2",pour columns pour,1,1,2,manual_first_pass,False,,,0.0,,False,,,0.0,,False,,,0.0,,False,,,0.0,,True,0.95,lead,8.0,single_day,False,,,0.0,,False,,,0.0,,True,0.2,incidental,0.5,single_day,False,,,0.0,
1513,"Day 5 - Dog box works, caulking panels","ON SITE WORKS > SUPERSTRUCTURE > LEVEL 12 - ROOF ~ 1,400m2","dog box works, caulking panels",1,1,2,manual_first_pass,True,0.65,lead,2.5,single_day,False,,,0.0,,False,,,0.0,,True,0.7,lead,5.0,single_day,False,,,0.0,,False,,,0.0,,False,,,0.0,,False,,,0.0,,False,,,0.0,
1515,Day 6 - Complete dog box works – caulking panels,"ON SITE WORKS > SUPERSTRUCTURE > LEVEL 12 - ROOF ~ 1,400m2",complete dog box works – caulking panels,1,1,2,manual_first_pass,True,0.65,lead,2.5,single_day,False,,,0.0,,False,,,0.0,,True,0.7,lead,5.0,single_day,False,,,0.0,,False,,,0.0,,False,,,0.0,,False,,,0.0,,False,,,0.0,
1517,Day 6 - Complete levelling pour 1,"ON SITE WORKS > SUPERSTRUCTURE > LEVEL 12 - ROOF ~ 1,400m2",complete levelling pour,1,1,2,manual_first_pass,False,,,0.0,,False,,,0.0,,False,,,0.0,,False,,,0.0,,True,0.95,lead,8.0,single_day,False,,,0.0,,False,,,0.0,,True,0.2,incidental,0.5,single_day,False,,,0.0,
1519,Day 7 - Complete levelling pour 2 (2 men),"ON SITE WORKS > SUPERSTRUCTURE > LEVEL 12 - ROOF ~ 1,400m2",complete levelling pour,1,1,2,manual_first_pass,False,,,0.0,,False,,,0.0,,False,,,0.0,,False,,,0.0,,True,0.95,lead,8.0,single_day,False,,,0.0,,False,,,0.0,,True,0.2,incidental,0.5,single_day,False,,,0.0,
1521,Day 8 - Commence shelf angle and sealing deck (2 men),"ON SITE WORKS > SUPERSTRUCTURE > LEVEL 12 - ROOF ~ 1,400m2",commence shelf angle and sealing deck,1,1,2,manual_first_pass,True,0.65,lead,2.5,single_day,False,,,0.0,,False,,,0.0,,True,0.7,lead,5.0,single_day,False,,,0.0,,False,,,0.0,,False,,,0.0,,False,,,0.0,,False,,,0.0,
1523,Day 9 - Reo delivery first thing,"ON SITE WORKS > SUPERSTRUCTURE > LEVEL 12 - ROOF ~ 1,400m2",reo delivery first thing,1,1,4,manual_first_pass,True,0.35,support,2.0,single_day,False,,,0.0,,True,0.85,lead,4.0,single_day,False,,,0.0,,False,,,0.0,,False,,,0.0,,True,0.7,support,2.0,single_day,True,0.3,incidental,1.0,single_day,False,,,0.0,
1526,Day 9 - Continue shelf angle and sealing deck (2 men),"ON SITE WORKS > SUPERSTRUCTURE > LEVEL 12 - ROOF ~ 1,400m2",continue shelf angle and sealing deck,1,1,2,manual_first_pass,True,0.65,lead,2.5,single_day,False,,,0.0,,False,,,0.0,,True,0.7,lead,5.0,single_day,False,,,0.0,,False,,,0.0,,False,,,0.0,,False,,,0.0,,False,,,0.0,
1529,"Day 10 - Complete shelf angle and sealing deck, and pre pour works (6 men)","ON SITE WORKS > SUPERSTRUCTURE > LEVEL 12 - ROOF ~ 1,400m2","complete shelf angle and sealing deck, and pre pour works",1,1,2,manual_first_pass,True,0.65,lead,2.5,single_day,False,,,0.0,,False,,,0.0,,True,0.7,lead,5.0,single_day,False,,,0.0,,False,,,0.0,,False,,,0.0,,False,,,0.0,,False,,,0.0,
1531,"Day 11 - Slab pour, pour 1","ON SITE WORKS > SUPERSTRUCTURE > LEVEL 12 - ROOF ~ 1,400m2","slab pour, pour",1,1,2,manual_first_pass,False,,,0.0,,False,,,0.0,,False,,,0.0,,False,,,0.0,,True,0.95,lead,8.0,single_day,False,,,0.0,,False,,,0.0,,True,0.2,incidental,0.5,single_day,False,,,0.0,
1532,Day 12 - Strip Slab Edging and prepare for Pour 2,"ON SITE WORKS > SUPERSTRUCTURE > LEVEL 12 - ROOF ~ 1,400m2",strip slab edging and prepare for pour,1,1,2,manual_first_pass,False,,,0.0,,False,,,0.0,,False,,,0.0,,False,,,0.0,,False,,,0.0,,False,,,0.0,,True,0.25,incidental,0.5,single_day,True,0.3,lead,1.5,single_day,False,,,0.0,
1533,"Day 13 - Slab Pour, pour 2","ON SITE WORKS > SUPERSTRUCTURE > LEVEL 12 - ROOF ~ 1,400m2","slab pour, pour",1,1,2,manual_first_pass,False,,,0.0,,False,,,0.0,,False,,,0.0,,False,,,0.0,,True,0.95,lead,8.0,single_day,False,,,0.0,,False,,,0.0,,True,0.2,incidental,0.5,single_day,False,,,0.0,
1550,FRP Services Plant plinth and Concrete Bunds,ON SITE WORKS > ROOF PLANT INSTALLATION,frp services plant plinth and concrete bunds,10,10,1,manual_first_pass,False,,,0.0,,True,0.5,incidental,1.0,inverse_bell,False,,,0.0,,False,,,0.0,,False,,,0.0,,False,,,0.0,,False,,,0.0,,False,,,0.0,,False,,,0.0,
1551,Roof Waterproofing,ON SITE WORKS > ROOF PLANT INSTALLATION,roof waterproofing,6,6,0,manual_first_pass,False,,,0.0,,False,,,0.0,,False,,,0.0,,False,,,0.0,,False,,,0.0,,False,,,0.0,,False,,,0.0,,False,,,0.0,,False,,,0.0,
1552,Deliver services plant before crane removal,ON SITE WORKS > ROOF PLANT INSTALLATION,deliver services plant before crane removal,3,3,2,manual_first_pass,True,0.8,lead,2.5,single_day_start,True,0.2,incidental,0.5,single_day_start,False,,,0.0,,False,,,0.0,,False,,,0.0,,False,,,0.0,,False,,,0.0,,False,,,0.0,,False,,,0.0,
1561,Hydraulic - High level services,ON SITE WORKS > FITOUT > FITOUT GROUND LEVEL - CARPARK / RETAIL > High Level Services,hydraulic - high level services,9,9,3,manual_first_pass,False,,,0.0,,True,0.4,incidental,2.0,inverse_bell,False,,,0.0,,False,,,0.0,,False,,,0.0,,False,,,0.0,,True,0.15,incidental,5.0,inverse_bell,True,0.25,incidental,5.0,inverse_bell,False,,,0.0,
1562,Fire - High level services,ON SITE WORKS > FITOUT > FITOUT GROUND LEVEL - CARPARK / RETAIL > High Level Services,fire - high level services,19,19,4,manual_first_pass,False,,,0.0,,True,0.2,incidental,14.0,inverse_bell,False,,,0.0,,True,0.7,lead,94.5,bell,False,,,0.0,,False,,,0.0,,True,0.15,incidental,10.5,inverse_bell,True,0.25,incidental,10.5,inverse_bell,False,,,0.0,
1564,Electrical + Com + Security - High level services,ON SITE WORKS > FITOUT > FITOUT GROUND LEVEL - CARPARK / RETAIL > High Level Services,electrical + com + security - high level services,13,13,3,manual_first_pass,False,,,0.0,,True,0.2,incidental,9.5,inverse_bell,False,,,0.0,,False,,,0.0,,False,,,0.0,,False,,,0.0,,True,0.15,incidental,7.0,inverse_bell,True,0.25,incidental,7.5,inverse_bell,False,,,0.0,
1572,"2nd fix Services (Fire, Elec, Mech, Hyd)",ON SITE WORKS > FITOUT > FITOUT GROUND LEVEL - CARPARK / RETAIL > Retail,2nd fix services,3,3,2,manual_first_pass,False,,,0.0,,True,0.2,incidental,1.0,uniform,False,,,0.0,,False,,,0.0,,False,,,0.0,,False,,,0.0,,True,0.15,incidental,1.5,uniform,False,,,0.0,,False,,,0.0,
1574,PB wall sheeting,ON SITE WORKS > FITOUT > FITOUT GROUND LEVEL - CARPARK / RETAIL > Retail,pb wall sheeting,4,4,2,manual_first_pass,False,,,0.0,,False,,,0.0,,True,0.4,incidental,2.0,front_loaded,False,,,0.0,,False,,,0.0,,False,,,0.0,,True,0.4,lead,2.0,uniform,False,,,0.0,,False,,,0.0,
1575,PB bulkhead + ceiling sheeting,ON SITE WORKS > FITOUT > FITOUT GROUND LEVEL - CARPARK / RETAIL > Retail,pb bulkhead + ceiling sheeting,4,4,2,manual_first_pass,False,,,0.0,,False,,,0.0,,True,0.4,incidental,2.0,front_loaded,False,,,0.0,,False,,,0.0,,False,,,0.0,,True,0.4,lead,3.0,uniform,False,,,0.0,,False,,,0.0,
1586,Waterproof / test wet area - membrane floor + wall,ON SITE WORKS > FITOUT > FITOUT GROUND LEVEL - CARPARK / RETAIL > Bathroom / End of Trip,waterproof / test wet area - membrane floor + wall,2,2,0,manual_first_pass,False,,,0.0,,False,,,0.0,,False,,,0.0,,False,,,0.0,,False,,,0.0,,False,,,0.0,,False,,,0.0,,False,,,0.0,,False,,,0.0,
1587,Floor tiling,ON SITE WORKS > FITOUT > FITOUT GROUND LEVEL - CARPARK / RETAIL > Bathroom / End of Trip,floor tiling,8,8,2,manual_first_pass,False,,,0.0,,False,,,0.0,,True,0.15,incidental,4.5,inverse_bell,False,,,0.0,,False,,,0.0,,False,,,0.0,,True,0.2,lead,10.0,uniform,False,,,0.0,,False,,,0.0,
