activity_number,activity_name,activity_hierarchy,activity_name_normalized,duration_days,profile_days_used,asset_type,label_confidence,confidence_tier,asset_role,estimated_total_hours,profile_shape,candidate_slot,is_lead_asset,is_support_asset,is_incidental_asset,review_status,changed_fields,review_source
1049,SA Water fire main installation,"ON SITE WORKS > SUPERSTRUCTURE > LEVEL 1 ~ 2,200m2 CARPARK > Zone A",sa water fire main installation,1,1,excavator,0.75,high,lead,7.0,single_day,1,True,False,False,accepted,,manual_first_pass
1049,SA Water fire main installation,"ON SITE WORKS > SUPERSTRUCTURE > LEVEL 1 ~ 2,200m2 CARPARK > Zone A",sa water fire main installation,1,1,compactor,0.75,high,incidental,1.0,single_day,2,False,False,True,corrected,confidence,manual_first_pass
1049,SA Water fire main installation,"ON SITE WORKS > SUPERSTRUCTURE > LEVEL 1 ~ 2,200m2 CARPARK > Zone A",sa water fire main installation,1,1,telehandler,0.75,high,incidental,1.0,single_day,3,False,False,True,corrected,confidence,manual_first_pass
1051,Ground floor column pour,"ON SITE WORKS > SUPERSTRUCTURE > LEVEL 1 ~ 2,200m2 CARPARK > Zone A",ground floor column pour,1,1,concrete_pump,0.95,high,lead,6.5,single_day,1,True,False,False,accepted,,manual_first_pass
1051,Ground floor column pour,"ON SITE WORKS > SUPERSTRUCTURE > LEVEL 1 ~ 2,200m2 CARPARK > Zone A",ground floor column pour,1,1,ewp,0.75,high,support,0.75,single_day,2,False,True,False,corrected,type|role|confidence|estimated_hours,manual_first_pass
1052,Ground floor strip columns,"ON SITE WORKS > SUPERSTRUCTURE > LEVEL 1 ~ 2,200m2 CARPARK > Zone A",ground floor strip columns,1,1,ewp,0.8,high,lead,1.5,single_day,1,True,False,False,corrected,type|confidence,manual_first_pass
1052,Ground floor strip columns,"ON SITE WORKS > SUPERSTRUCTURE > LEVEL 1 ~ 2,200m2 CARPARK > Zone A",ground floor strip columns,1,1,forklift,0.5,medium,incidental,1.0,single_day,2,False,False,True,corrected,confidence|estimated_hours,manual_first_pass
1059,Install services,"ON SITE WORKS > SUPERSTRUCTURE > LEVEL 1 ~ 2,200m2 CARPARK > Zone A",install services,2,2,telehandler,0.25,low,lead,2.5,uniform,1,True,False,False,accepted,,manual_first_pass
1059,Install services,"ON SITE WORKS > SUPERSTRUCTURE > LEVEL 1 ~ 2,200m2 CARPARK > Zone A",install services,2,2,hoist,0.2,low,incidental,1.5,uniform,2,False,False,True,accepted,,manual_first_pass
1059,Install services,"ON SITE WORKS > SUPERSTRUCTURE > LEVEL 1 ~ 2,200m2 CARPARK > Zone A",install services,2,2,forklift,0.15,low,incidental,1.0,uniform,3,False,False,True,accepted,,manual_first_pass
1061,Concrete pour floor slab Zone [A] pour (1),"ON SITE WORKS > SUPERSTRUCTURE > LEVEL 1 ~ 2,200m2 CARPARK > Zone A",concrete pour floor slab zone pour,1,1,concrete_pump,0.95,high,lead,8.0,single_day,1,True,False,False,accepted,,manual_first_pass
1062,Concrete pour floor slab Zone [A] pour (2),"ON SITE WORKS > SUPERSTRUCTURE > LEVEL 1 ~ 2,200m2 CARPARK > Zone A",concrete pour floor slab zone pour,1,1,concrete_pump,0.95,high,lead,8.0,single_day,1,True,False,False,accepted,,manual_first_pass
1064,Bubbledeck false work,"ON SITE WORKS > SUPERSTRUCTURE > LEVEL 1 ~ 2,200m2 CARPARK > Zone B",bubbledeck false work,14,14,crane,0.65,medium,lead,35.0,staged,1,True,False,False,accepted,,manual_first_pass
1064,Bubbledeck false work,"ON SITE WORKS > SUPERSTRUCTURE > LEVEL 1 ~ 2,200m2 CARPARK > Zone B",bubbledeck false work,14,14,telehandler,0.55,medium,support,27.5,front_loaded,2,False,True,False,accepted,,manual_first_pass
1064,Bubbledeck false work,"ON SITE WORKS > SUPERSTRUCTURE > LEVEL 1 ~ 2,200m2 CARPARK > Zone B",bubbledeck false work,14,14,forklift,0.3,low,incidental,11.0,inverse_bell,3,False,False,True,accepted,,manual_first_pass
1070,Install services,"ON SITE WORKS > SUPERSTRUCTURE > LEVEL 1 ~ 2,200m2 CARPARK > Zone B",install services,3,3,telehandler,0.25,low,lead,4.0,uniform,1,True,False,False,accepted,,manual_first_pass
1070,Install services,"ON SITE WORKS > SUPERSTRUCTURE > LEVEL 1 ~ 2,200m2 CARPARK > Zone B",install services,3,3,hoist,0.2,low,incidental,2.0,uniform,2,False,False,True,accepted,,manual_first_pass
1070,Install services,"ON SITE WORKS > SUPERSTRUCTURE > LEVEL 1 ~ 2,200m2 CARPARK > Zone B",install services,3,3,forklift,0.15,low,incidental,1.5,uniform,3,False,False,True,accepted,,manual_first_pass
1072,Concrete pour floor slab Zone [B] pour (1),"ON SITE WORKS > SUPERSTRUCTURE > LEVEL 1 ~ 2,200m2 CARPARK > Zone B",concrete pour floor slab zone pour,1,1,concrete_pump,0.95,high,lead,8.0,single_day,1,True,False,False,accepted,,manual_first_pass
1072,Concrete pour floor slab Zone [B] pour (1),"ON SITE WORKS > SUPERSTRUCTURE > LEVEL 1 ~ 2,200m2 CARPARK > Zone B",concrete pour floor slab zone pour,1,1,telehandler,0.2,low,incidental,0.5,single_day,2,False,False,True,accepted,,manual_first_pass
1073,Concrete pour floor slab Zone [B] pour (2),"ON SITE WORKS > SUPERSTRUCTURE > LEVEL 1 ~ 2,200m2 CARPARK > Zone B",concrete pour floor slab zone pour,1,1,concrete_pump,0.95,high,lead,8.0,single_day,1,True,False,False,accepted,,manual_first_pass
1073,Concrete pour floor slab Zone [B] pour (2),"ON SITE WORKS > SUPERSTRUCTURE > LEVEL 1 ~ 2,200m2 CARPARK > Zone B",concrete pour floor slab zone pour,1,1,telehandler,0.2,low,incidental,0.5,single_day,2,False,False,True,accepted,,manual_first_pass
1076,Strip slab edge and set downs - tidy up,"ON SITE WORKS > SUPERSTRUCTURE > LEVEL 2 ~ 2,200m2 CARPARK > Zone A",strip slab edge and set downs - tidy up,1,1,ewp,0.3,low,lead,1.5,single_day,1,True,False,False,corrected,type,manual_first_pass
1076,Strip slab edge and set downs - tidy up,"ON SITE WORKS > SUPERSTRUCTURE > LEVEL 2 ~ 2,200m2 CARPARK > Zone A",strip slab edge and set downs - tidy up,1,1,forklift,0.25,low,incidental,0.5,single_day,2,False,False,True,accepted,,manual_first_pass
1081,Jump the stretcher stairs,"ON SITE WORKS > SUPERSTRUCTURE > LEVEL 2 ~ 2,200m2 CARPARK > Zone A",jump the stretcher stairs,3,3,crane,0.65,medium,lead,3.0,single_day_mid,1,True,False,False,accepted,,manual_first_pass
1082,Jump the Hoist,"ON SITE WORKS > SUPERSTRUCTURE > LEVEL 2 ~ 2,200m2 CARPARK > Zone A",jump the hoist,1,1,hoist,0.98,high,lead,6.5,single_day,1,True,False,False,accepted,,manual_first_pass
1082,Jump the Hoist,"ON SITE WORKS > SUPERSTRUCTURE > LEVEL 2 ~ 2,200m2 CARPARK > Zone A",jump the hoist,1,1,crane,0.2,low,incidental,1.0,single_day,2,False,False,True,accepted,,manual_first_pass
1087,Pour concrete columns,"ON SITE WORKS > SUPERSTRUCTURE > LEVEL 2 ~ 2,200m2 CARPARK > Zone A",pour concrete columns,2,2,concrete_pump,0.95,high,lead,8.0,single_day_end,1,True,False,False,accepted,,manual_first_pass
1087,Pour concrete columns,"ON SITE WORKS > SUPERSTRUCTURE > LEVEL 2 ~ 2,200m2 CARPARK > Zone A",pour concrete columns,2,2,telehandler,0.2,low,incidental,0.5,single_day_end,2,False,False,True,accepted,,manual_first_pass
1088,Strip and remove column form work,"ON SITE WORKS > SUPERSTRUCTURE > LEVEL 2 ~ 2,200m2 CARPARK > Zone A",strip and remove column form work,1,1,telehandler,0.3,low,lead,1.5,single_day,1,True,False,False,accepted,,manual_first_pass
1088,Strip and remove column form work,"ON SITE WORKS > SUPERSTRUCTURE > LEVEL 2 ~ 2,200m2 CARPARK > Zone A",strip and remove column form work,1,1,forklift,0.25,low,incidental,0.5,single_day,2,False,False,True,accepted,,manual_first_pass
1091,Install BD false work,"ON SITE WORKS > SUPERSTRUCTURE > LEVEL 2 ~ 2,200m2 CARPARK > Zone A",install bd false work,9,9,crane,0.65,medium,lead,23.5,staged,1,True,False,False,accepted,,manual_first_pass
1091,Install BD false work,"ON SITE WORKS > SUPERSTRUCTURE > LEVEL 2 ~ 2,200m2 CARPARK > Zone A",install bd false work,9,9,forklift,0.3,low,incidental,7.0,inverse_bell,3,False,False,True,accepted,,manual_first_pass
1098,Install services,"ON SITE WORKS > SUPERSTRUCTURE > LEVEL 2 ~ 2,200m2 CARPARK > Zone A",install services,1,1,telehandler,0.25,low,lead,1.5,single_day,1,True,False,False,accepted,,manual_first_pass
1098,Install services,"ON SITE WORKS > SUPERSTRUCTURE > LEVEL 2 ~ 2,200m2 CARPARK > Zone A",install services,1,1,hoist,0.2,low,incidental,0.5,single_day,2,False,False,True,accepted,,manual_first_pass
1101,Concrete pour floor slab Zone [A] pour (1),"ON SITE WORKS > SUPERSTRUCTURE > LEVEL 2 ~ 2,200m2 CARPARK > Zone A",concrete pour floor slab zone pour,0,1,concrete_pump,0.95,high,lead,8.0,single_day,1,True,False,False,accepted,,manual_first_pass
1102,Concrete Pour beam + ramp infill Zone [B],"ON SITE WORKS > SUPERSTRUCTURE > LEVEL 2 ~ 2,200m2 CARPARK > Zone A",concrete pour beam + ramp infill zone,0,1,concrete_pump,0.95,high,lead,8.0,single_day,1,True,False,False,accepted,,manual_first_pass
1102,Concrete Pour beam + ramp infill Zone [B],"ON SITE WORKS > SUPERSTRUCTURE > LEVEL 2 ~ 2,200m2 CARPARK > Zone A",concrete pour beam + ramp infill zone,0,1,telehandler,0.2,low,incidental,0.5,single_day,2,False,False,True,accepted,,manual_first_pass
1103,Concrete pour floor slab Zone [A] pour (2),"ON SITE WORKS > SUPERSTRUCTURE > LEVEL 2 ~ 2,200m2 CARPARK > Zone A",concrete pour floor slab zone pour,1,1,concrete_pump,0.95,high,lead,8.0,single_day,1,True,False,False,accepted,,manual_first_pass
1105,Strip slab edge and set downs - tidy up,"ON SITE WORKS > SUPERSTRUCTURE > LEVEL 2 ~ 2,200m2 CARPARK > Zone B",strip slab edge and set downs - tidy up,1,1,telehandler,0.3,low,lead,1.5,single_day,1,True,False,False,accepted,,manual_first_pass
1105,Strip slab edge and set downs - tidy up,"ON SITE WORKS > SUPERSTRUCTURE > LEVEL 2 ~ 2,200m2 CARPARK > Zone B",strip slab edge and set downs - tidy up,1,1,forklift,0.25,low,incidental,0.5,single_day,2,False,False,True,accepted,,manual_first_pass
1115,Pour concrete columns,"ON SITE WORKS > SUPERSTRUCTURE > LEVEL 2 ~ 2,200m2 CARPARK > Zone B",pour concrete columns,1,1,concrete_pump,0.95,high,lead,8.0,single_day,1,True,False,False,accepted,,manual_first_pass
1115,Pour concrete columns,"ON SITE WORKS > SUPERSTRUCTURE > LEVEL 2 ~ 2,200m2 CARPARK > Zone B",pour concrete columns,1,1,ewp,0.75,high,incidental,0.5,single_day,2,False,False,True,corrected,type|confidence,manual_first_pass
1116,Strip and remove column form work,"ON SITE WORKS > SUPERSTRUCTURE > LEVEL 2 ~ 2,200m2 CARPARK > Zone B",strip and remove column form work,1,1,ewp,0.5,medium,lead,1.5,single_day,1,True,False,False,corrected,type|confidence,manual_first_pass
1116,Strip and remove column form work,"ON SITE WORKS > SUPERSTRUCTURE > LEVEL 2 ~ 2,200m2 CARPARK > Zone B",strip and remove column form work,1,1,forklift,0.25,low,incidental,0.5,single_day,2,False,False,True,accepted,,manual_first_pass
1128,Install services,"ON SITE WORKS > SUPERSTRUCTURE > LEVEL 2 ~ 2,200m2 CARPARK > Zone B",install services,1,1,telehandler,0.25,low,lead,1.5,single_day,1,True,False,False,accepted,,manual_first_pass
1128,Install services,"ON SITE WORKS > SUPERSTRUCTURE > LEVEL 2 ~ 2,200m2 CARPARK > Zone B",install services,1,1,hoist,0.2,low,incidental,0.5,single_day,2,False,False,True,accepted,,manual_first_pass
1128,Install services,"ON SITE WORKS > SUPERSTRUCTURE > LEVEL 2 ~ 2,200m2 CARPARK > Zone B",install services,1,1,forklift,0.15,low,incidental,0.5,single_day,3,False,False,True,accepted,,manual_first_pass
1131,Concrete pour floor slab Zone [B] pour (3),"ON SITE WORKS > SUPERSTRUCTURE > LEVEL 2 ~ 2,200m2 CARPARK > Zone B",concrete pour floor slab zone pour,1,1,concrete_pump,0.95,high,lead,8.0,single_day,1,True,False,False,accepted,,manual_first_pass
1131,Concrete pour floor slab Zone [B] pour (3),"ON SITE WORKS > SUPERSTRUCTURE > LEVEL 2 ~ 2,200m2 CARPARK > Zone B",concrete pour floor slab zone pour,1,1,telehandler,0.2,low,incidental,0.5,single_day,2,False,False,True,accepted,,manual_first_pass
1132,Concrete pour floor slab Zone [B] pour (4) (Exlcudes 1.2m strip adjacent West Precast),"ON SITE WORKS > SUPERSTRUCTURE > LEVEL 2 ~ 2,200m2 CARPARK > Zone B",concrete pour floor slab zone pour,1,1,concrete_pump,0.95,high,lead,8.0,single_day,1,True,False,False,accepted,,manual_first_pass
1132,Concrete pour floor slab Zone [B] pour (4) (Exlcudes 1.2m strip adjacent West Precast),"ON SITE WORKS > SUPERSTRUCTURE > LEVEL 2 ~ 2,200m2 CARPARK > Zone B",concrete pour floor slab zone pour,1,1,crane,0.9,high,lead,6.5,single_day,2,True,False,False,accepted,,manual_first_pass
1132,Concrete pour floor slab Zone [B] pour (4) (Exlcudes 1.2m strip adjacent West Precast),"ON SITE WORKS > SUPERSTRUCTURE > LEVEL 2 ~ 2,200m2 CARPARK > Zone B",concrete pour floor slab zone pour,1,1,telehandler,0.3,low,incidental,1.0,single_day,3,False,False,True,accepted,,manual_first_pass
1132,Concrete pour floor slab Zone [B] pour (4) (Exlcudes 1.2m strip adjacent West Precast),"ON SITE WORKS > SUPERSTRUCTURE > LEVEL 2 ~ 2,200m2 CARPARK > Zone B",concrete pour floor slab zone pour,1,1,forklift,0.25,low,incidental,1.0,single_day,4,False,False,True,accepted,,manual_first_pass
1134,Concrete Pour (5) - Install Threaded Rod and Pour 1.2m Strip,"ON SITE WORKS > SUPERSTRUCTURE > LEVEL 2 ~ 2,200m2 CARPARK > Zone B",concrete pour - install threaded rod and pour.2m strip,2,2,concrete_pump,0.95,high,lead,8.0,single_day_end,1,True,False,False,accepted,,manual_first_pass
1134,Concrete Pour (5) - Install Threaded Rod and Pour 1.2m Strip,"ON SITE WORKS > SUPERSTRUCTURE > LEVEL 2 ~ 2,200m2 CARPARK > Zone B",concrete pour - install threaded rod and pour.2m strip,2,2,crane,0.65,medium,support,0.5,uniform,2,False,True,False,corrected,estimated_hours,manual_first_pass
1137,Strip slab edge and set downs - tidy up,"ON SITE WORKS > SUPERSTRUCTURE > LEVEL 3 ~ 2,200m2 PODIUM > Zone A",strip slab edge and set downs - tidy up,1,1,telehandler,0.3,low,lead,1.5,single_day,1,True,False,False,accepted,,manual_first_pass
1137,Strip slab edge and set downs - tidy up,"ON SITE WORKS > SUPERSTRUCTURE > LEVEL 3 ~ 2,200m2 PODIUM > Zone A",strip slab edge and set downs - tidy up,1,1,forklift,0.25,low,incidental,0.5,single_day,2,False,False,True,accepted,,manual_first_pass
1143,Jump the Hoist,"ON SITE WORKS > SUPERSTRUCTURE > LEVEL 3 ~ 2,200m2 PODIUM > Zone A",jump the hoist,1,1,hoist,0.98,high,lead,6.5,single_day,1,True,False,False,accepted,,manual_first_pass
1143,Jump the Hoist,"ON SITE WORKS > SUPERSTRUCTURE > LEVEL 3 ~ 2,200m2 PODIUM > Zone A",jump the hoist,1,1,crane,0.2,low,incidental,1.0,single_day,2,False,False,True,accepted,,manual_first_pass
1146,Install BD false work,"ON SITE WORKS > SUPERSTRUCTURE > LEVEL 3 ~ 2,200m2 PODIUM > Zone A",install bd false work,7,7,crane,0.65,medium,lead,41.0,front_loaded,1,True,False,False,corrected,profile_shape,manual_first_pass
1146,Install BD false work,"ON SITE WORKS > SUPERSTRUCTURE > LEVEL 3 ~ 2,200m2 PODIUM > Zone A",install bd false work,7,7,forklift,0.3,low,incidental,5.5,inverse_bell,3,False,False,True,accepted,,manual_first_pass
1155,Install services,"ON SITE WORKS > SUPERSTRUCTURE > LEVEL 3 ~ 2,200m2 PODIUM > Zone A",install services,2,2,telehandler,0.25,low,lead,2.5,uniform,1,True,False,False,accepted,,manual_first_pass
1155,Install services,"ON SITE WORKS > SUPERSTRUCTURE > LEVEL 3 ~ 2,200m2 PODIUM > Zone A",install services,2,2,hoist,0.2,low,incidental,1.5,uniform,2,False,False,True,accepted,,manual_first_pass
1155,Install services,"ON SITE WORKS > SUPERSTRUCTURE > LEVEL 3 ~ 2,200m2 PODIUM > Zone A",install services,2,2,forklift,0.15,low,incidental,1.0,uniform,3,False,False,True,accepted,,manual_first_pass
1158,Concrete pour floor slab Zone [A] pour (1),"ON SITE WORKS > SUPERSTRUCTURE > LEVEL 3 ~ 2,200m2 PODIUM > Zone A",concrete pour floor slab zone pour,1,1,concrete_pump,0.95,high,lead,8.0,single_day,1,True,False,False,accepted,,manual_first_pass
1158,Concrete pour floor slab Zone [A] pour (1),"ON SITE WORKS > SUPERSTRUCTURE > LEVEL 3 ~ 2,200m2 PODIUM > Zone A",concrete pour floor slab zone pour,1,1,telehandler,0.2,low,incidental,0.5,single_day,2,False,False,True,accepted,,manual_first_pass
1159,Concrete pour floor slab Zone [A] pour (2),"ON SITE WORKS > SUPERSTRUCTURE > LEVEL 3 ~ 2,200m2 PODIUM > Zone A",concrete pour floor slab zone pour,1,1,concrete_pump,0.95,high,lead,8.0,single_day,1,True,False,False,accepted,,manual_first_pass
1159,Concrete pour floor slab Zone [A] pour (2),"ON SITE WORKS > SUPERSTRUCTURE > LEVEL 3 ~ 2,200m2 PODIUM > Zone A",concrete pour floor slab zone pour,1,1,telehandler,0.2,low,incidental,0.5,single_day,2,False,False,True,accepted,,manual_first_pass
1161,Strip slab edge and set downs - tidy up,"ON SITE WORKS > SUPERSTRUCTURE > LEVEL 3 ~ 2,200m2 PODIUM > Zone B",strip slab edge and set downs - tidy up,4,4,telehandler,0.3,low,lead,5.0,uniform,1,True,False,False,accepted,,manual_first_pass
1161,Strip slab edge and set downs - tidy up,"ON SITE WORKS > SUPERSTRUCTURE > LEVEL 3 ~ 2,200m2 PODIUM > Zone B",strip slab edge and set downs - tidy up,4,4,forklift,0.25,low,incidental,2.5,back_loaded,2,False,False,True,accepted,,manual_first_pass
1166,Jump the stretcher stairs,"ON SITE WORKS > SUPERSTRUCTURE > LEVEL 3 ~ 2,200m2 PODIUM > Zone B",jump the stretcher stairs,4,4,crane,0.65,medium,lead,3.0,single_day_mid,1,True,False,False,accepted,,manual_first_pass
1168,Install BD false work,"ON SITE WORKS > SUPERSTRUCTURE > LEVEL 3 ~ 2,200m2 PODIUM > Zone B",install bd false work,8,8,crane,0.65,medium,lead,17.5,staged,1,True,False,False,accepted,,manual_first_pass
1168,Install BD false work,"ON SITE WORKS > SUPERSTRUCTURE > LEVEL 3 ~ 2,200m2 PODIUM > Zone B",install bd false work,8,8,telehandler,0.55,medium,support,16.0,front_loaded,2,False,True,False,accepted,,manual_first_pass
1168,Install BD false work,"ON SITE WORKS > SUPERSTRUCTURE > LEVEL 3 ~ 2,200m2 PODIUM > Zone B",install bd false work,8,8,forklift,0.3,low,incidental,6.0,inverse_bell,3,False,False,True,accepted,,manual_first_pass
1177,Install services,"ON SITE WORKS > SUPERSTRUCTURE > LEVEL 3 ~ 2,200m2 PODIUM > Zone B",install services,2,2,telehandler,0.25,low,lead,2.5,uniform,1,True,False,False,accepted,,manual_first_pass
1177,Install services,"ON SITE WORKS > SUPERSTRUCTURE > LEVEL 3 ~ 2,200m2 PODIUM > Zone B",install services,2,2,hoist,0.2,low,incidental,1.5,uniform,2,False,False,True,accepted,,manual_first_pass
1177,Install services,"ON SITE WORKS > SUPERSTRUCTURE > LEVEL 3 ~ 2,200m2 PODIUM > Zone B",install services,2,2,forklift,0.15,low,incidental,1.0,uniform,3,False,False,True,accepted,,manual_first_pass
1180,Concrete pour floor slab and Columns Zone [B] pour (1),"ON SITE WORKS > SUPERSTRUCTURE > LEVEL 3 ~ 2,200m2 PODIUM > Zone B",concrete pour floor slab and columns zone pour,4,4,concrete_pump,0.95,high,lead,32.5,back_loaded,1,True,False,False,accepted,,manual_first_pass
1180,Concrete pour floor slab and Columns Zone [B] pour (1),"ON SITE WORKS > SUPERSTRUCTURE > LEVEL 3 ~ 2,200m2 PODIUM > Zone B",concrete pour floor slab and columns zone pour,4,4,telehandler,0.2,low,incidental,2.0,back_loaded,2,False,False,True,accepted,,manual_first_pass
1181,Concrete pour floor slab and Columns Zone [B] pour (2),"ON SITE WORKS > SUPERSTRUCTURE > LEVEL 3 ~ 2,200m2 PODIUM > Zone B",concrete pour floor slab and columns zone pour,1,1,concrete_pump,0.95,high,lead,8.0,single_day,1,True,False,False,accepted,,manual_first_pass
1181,Concrete pour floor slab and Columns Zone [B] pour (2),"ON SITE WORKS > SUPERSTRUCTURE > LEVEL 3 ~ 2,200m2 PODIUM > Zone B",concrete pour floor slab and columns zone pour,1,1,telehandler,0.2,low,incidental,0.5,single_day,2,False,False,True,accepted,,manual_first_pass
1192,Day 3 - Pour columns to pour 1,"ON SITE WORKS > SUPERSTRUCTURE > LEVEL 4 ~ 1,400m2",pour columns to pour,1,1,concrete_pump,0.95,high,lead,8.0,single_day,1,True,False,False,accepted,,manual_first_pass
1192,Day 3 - Pour columns to pour 1,"ON SITE WORKS > SUPERSTRUCTURE > LEVEL 4 ~ 1,400m2",pour columns to pour,1,1,telehandler,0.2,low,incidental,0.5,single_day,2,False,False,True,accepted,,manual_first_pass
1198,Day 5 - Pour columns pour 2,"ON SITE WORKS > SUPERSTRUCTURE > LEVEL 4 ~ 1,400m2",pour columns pour,1,1,concrete_pump,0.95,high,lead,8.0,single_day,1,True,False,False,accepted,,manual_first_pass
1198,Day 5 - Pour columns pour 2,"ON SITE WORKS > SUPERSTRUCTURE > LEVEL 4 ~ 1,400m2",pour columns pour,1,1,telehandler,0.2,low,incidental,0.5,single_day,2,False,False,True,accepted,,manual_first_pass
1200,"Day 5 - Dog box works, caulking panels","ON SITE WORKS > SUPERSTRUCTURE > LEVEL 4 ~ 1,400m2","dog box works, caulking panels",1,1,ewp,0.7,medium,lead,5.0,single_day,1,True,False,False,accepted,,manual_first_pass
1200,"Day 5 - Dog box works, caulking panels","ON SITE WORKS > SUPERSTRUCTURE > LEVEL 4 ~ 1,400m2","dog box works, caulking panels",1,1,crane,1.0,high,lead,2.5,single_day,2,True,False,False,corrected,confidence,manual_first_pass
1202,Day 6 - Complete dog box works – caulking panels,"ON SITE WORKS > SUPERSTRUCTURE > LEVEL 4 ~ 1,400m2",complete dog box works – caulking panels,1,1,ewp,0.7,medium,lead,5.0,single_day,1,True,False,False,accepted,,manual_first_pass
1202,Day 6 - Complete dog box works – caulking panels,"ON SITE WORKS > SUPERSTRUCTURE > LEVEL 4 ~ 1,400m2",complete dog box works – caulking panels,1,1,crane,0.65,medium,lead,2.5,single_day,2,True,False,False,accepted,,manual_first_pass
1204,Day 6 - Complete levelling pour 1,"ON SITE WORKS > SUPERSTRUCTURE > LEVEL 4 ~ 1,400m2",complete levelling pour,1,1,concrete_pump,0.95,high,lead,8.0,single_day,1,True,False,False,accepted,,manual_first_pass
1204,Day 6 - Complete levelling pour 1,"ON SITE WORKS > SUPERSTRUCTURE > LEVEL 4 ~ 1,400m2",complete levelling pour,1,1,telehandler,0.2,low,incidental,0.5,single_day,2,False,False,True,accepted,,manual_first_pass
1206,Day 7 - Complete levelling pour 2 (2 men),"ON SITE WORKS > SUPERSTRUCTURE > LEVEL 4 ~ 1,400m2",complete levelling pour,1,1,concrete_pump,0.95,high,lead,8.0,single_day,1,True,False,False,accepted,,manual_first_pass
1206,Day 7 - Complete levelling pour 2 (2 men),"ON SITE WORKS > SUPERSTRUCTURE > LEVEL 4 ~ 1,400m2",complete levelling pour,1,1,telehandler,0.2,low,incidental,0.5,single_day,2,False,False,True,accepted,,manual_first_pass
1208,Day 8 - Commence shelf angle and sealing deck (2 men),"ON SITE WORKS > SUPERSTRUCTURE > LEVEL 4 ~ 1,400m2",commence shelf angle and sealing deck,1,1,ewp,0.7,medium,lead,5.0,single_day,1,True,False,False,accepted,,manual_first_pass
1208,Day 8 - Commence shelf angle and sealing deck (2 men),"ON SITE WORKS > SUPERSTRUCTURE > LEVEL 4 ~ 1,400m2",commence shelf angle and sealing deck,1,1,crane,0.65,medium,lead,2.5,single_day,2,True,False,False,accepted,,manual_first_pass
1210,Day 9 - Reo delivery first thing,"ON SITE WORKS > SUPERSTRUCTURE > LEVEL 4 ~ 1,400m2",reo delivery first thing,1,1,loading_bay,0.85,high,lead,4.0,single_day,1,True,False,False,accepted,,manual_first_pass
1210,Day 9 - Reo delivery first thing,"ON SITE WORKS > SUPERSTRUCTURE > LEVEL 4 ~ 1,400m2",reo delivery first thing,1,1,forklift,0.8,high,support,4.0,single_day,2,False,True,False,corrected,confidence|estimated_hours,manual_first_pass
1210,Day 9 - Reo delivery first thing,"ON SITE WORKS > SUPERSTRUCTURE > LEVEL 4 ~ 1,400m2",reo delivery first thing,1,1,crane,0.8,high,support,2.0,single_day,3,False,True,False,corrected,confidence,manual_first_pass
1213,Day 9 - Continue shelf angle and sealing deck (2 men),"ON SITE WORKS > SUPERSTRUCTURE > LEVEL 4 ~ 1,400m2",continue shelf angle and sealing deck,1,1,ewp,0.7,medium,lead,5.0,single_day,1,True,False,False,accepted,,manual_first_pass
1213,Day 9 - Continue shelf angle and sealing deck (2 men),"ON SITE WORKS > SUPERSTRUCTURE > LEVEL 4 ~ 1,400m2",continue shelf angle and sealing deck,1,1,crane,0.65,medium,lead,2.5,single_day,2,True,False,False,accepted,,manual_first_pass
1216,"Day 10 - Complete shelf angle and sealing deck, and pre pour works (6 men)","ON SITE WORKS > SUPERSTRUCTURE > LEVEL 4 ~ 1,400m2","complete shelf angle and sealing deck, and pre pour works",2,2,ewp,0.7,medium,lead,10.0,uniform,1,True,False,False,accepted,,manual_first_pass
1216,"Day 10 - Complete shelf angle and sealing deck, and pre pour works (6 men)","ON SITE WORKS > SUPERSTRUCTURE > LEVEL 4 ~ 1,400m2","complete shelf angle and sealing deck, and pre pour works",2,2,crane,0.65,medium,lead,5.0,uniform,2,True,False,False,accepted,,manual_first_pass
1219,"Day 11 - Slab pour, pour 1","ON SITE WORKS > SUPERSTRUCTURE > LEVEL 4 ~ 1,400m2","slab pour, pour",1,1,concrete_pump,0.95,high,lead,8.0,single_day,1,True,False,False,accepted,,manual_first_pass
1220,"Day 12 - Slab pour, pour 2","ON SITE WORKS > SUPERSTRUCTURE > LEVEL 4 ~ 1,400m2","slab pour, pour",1,1,concrete_pump,0.95,high,lead,8.0,single_day,1,True,False,False,accepted,,manual_first_pass
1220,"Day 12 - Slab pour, pour 2","ON SITE WORKS > SUPERSTRUCTURE > LEVEL 4 ~ 1,400m2","slab pour, pour",1,1,telehandler,0.2,low,incidental,0.5,single_day,2,False,False,True,accepted,,manual_first_pass
1231,Day 3 - Pour columns to pour 1,"ON SITE WORKS > SUPERSTRUCTURE > LEVEL 5 ~ 1,400m2",pour columns to pour,1,1,concrete_pump,0.95,high,lead,8.0,single_day,1,True,False,False,accepted,,manual_first_pass
1231,Day 3 - Pour columns to pour 1,"ON SITE WORKS > SUPERSTRUCTURE > LEVEL 5 ~ 1,400m2",pour columns to pour,1,1,telehandler,0.2,low,incidental,0.5,single_day,2,False,False,True,accepted,,manual_first_pass
1237,Day 5 - Pour columns pour 2,"ON SITE WORKS > SUPERSTRUCTURE > LEVEL 5 ~ 1,400m2",pour columns pour,1,1,concrete_pump,0.95,high,lead,8.0,single_day,1,True,False,False,accepted,,manual_first_pass
1237,Day 5 - Pour columns pour 2,"ON SITE WORKS > SUPERSTRUCTURE > LEVEL 5 ~ 1,400m2",pour columns pour,1,1,telehandler,0.2,low,incidental,0.5,single_day,2,False,False,True,accepted,,manual_first_pass
1239,"Day 5 - Dog box works, caulking panels","ON SITE WORKS > SUPERSTRUCTURE > LEVEL 5 ~ 1,400m2","dog box works, caulking panels",1,1,ewp,0.7,medium,lead,5.0,single_day,1,True,False,False,accepted,,manual_first_pass
1239,"Day 5 - Dog box works, caulking panels","ON SITE WORKS > SUPERSTRUCTURE > LEVEL 5 ~ 1,400m2","dog box works, caulking panels",1,1,crane,0.65,medium,lead,2.5,single_day,2,True,False,False,accepted,,manual_first_pass
1241,Day 6 - Complete dog box works – caulking panels,"ON SITE WORKS > SUPERSTRUCTURE > LEVEL 5 ~ 1,400m2",complete dog box works – caulking panels,1,1,ewp,0.7,medium,lead,5.0,single_day,1,True,False,False,accepted,,manual_first_pass
1241,Day 6 - Complete dog box works – caulking panels,"ON SITE WORKS > SUPERSTRUCTURE > LEVEL 5 ~ 1,400m2",complete dog box works – caulking panels,1,1,crane,0.65,medium,lead,2.5,single_day,2,True,False,False,accepted,,manual_first_pass
1243,Day 6 - Complete levelling pour 1,"ON SITE WORKS > SUPERSTRUCTURE > LEVEL 5 ~ 1,400m2",complete levelling pour,1,1,concrete_pump,0.95,high,lead,8.0,single_day,1,True,False,False,accepted,,manual_first_pass
1243,Day 6 - Complete levelling pour 1,"ON SITE WORKS > SUPERSTRUCTURE > LEVEL 5 ~ 1,400m2",complete levelling pour,1,1,telehandler,0.2,low,incidental,0.5,single_day,2,False,False,True,accepted,,manual_first_pass
1245,Day 7 - Complete levelling pour 2 (2 men),"ON SITE WORKS > SUPERSTRUCTURE > LEVEL 5 ~ 1,400m2",complete levelling pour,1,1,concrete_pump,0.95,high,lead,8.0,single_day,1,True,False,False,accepted,,manual_first_pass
1245,Day 7 - Complete levelling pour 2 (2 men),"ON SITE WORKS > SUPERSTRUCTURE > LEVEL 5 ~ 1,400m2",complete levelling pour,1,1,telehandler,0.2,low,incidental,0.5,single_day,2,False,False,True,accepted,,manual_first_pass
1247,Day 8 - Commence shelf angle and sealing deck (2 men),"ON SITE WORKS > SUPERSTRUCTURE > LEVEL 5 ~ 1,400m2",commence shelf angle and sealing deck,1,1,ewp,0.7,medium,lead,5.0,single_day,1,True,False,False,accepted,,manual_first_pass
1247,Day 8 - Commence shelf angle and sealing deck (2 men),"ON SITE WORKS > SUPERSTRUCTURE > LEVEL 5 ~ 1,400m2",commence shelf angle and sealing deck,1,1,crane,0.65,medium,lead,2.5,single_day,2,True,False,False,accepted,,manual_first_pass
1249,Day 9 - Reo delivery first thing,"ON SITE WORKS > SUPERSTRUCTURE > LEVEL 5 ~ 1,400m2",reo delivery first thing,1,1,loading_bay,0.85,high,lead,4.0,single_day,1,True,False,False,accepted,,manual_first_pass
1249,Day 9 - Reo delivery first thing,"ON SITE WORKS > SUPERSTRUCTURE > LEVEL 5 ~ 1,400m2",reo delivery first thing,1,1,forklift,0.7,medium,support,2.0,single_day,2,False,True,False,accepted,,manual_first_pass
1249,Day 9 - Reo delivery first thing,"ON SITE WORKS > SUPERSTRUCTURE > LEVEL 5 ~ 1,400m2",reo delivery first thing,1,1,crane,0.35,low,support,2.0,single_day,3,False,True,False,accepted,,manual_first_pass
1249,Day 9 - Reo delivery first thing,"ON SITE WORKS > SUPERSTRUCTURE > LEVEL 5 ~ 1,400m2",reo delivery first thing,1,1,telehandler,0.3,low,incidental,1.0,single_day,4,False,False,True,accepted,,manual_first_pass
1252,Day 9 - Continue shelf angle and sealing deck (2 men),"ON SITE WORKS > SUPERSTRUCTURE > LEVEL 5 ~ 1,400m2",continue shelf angle and sealing deck,1,1,ewp,0.7,medium,lead,5.0,single_day,1,True,False,False,accepted,,manual_first_pass
1252,Day 9 - Continue shelf angle and sealing deck (2 men),"ON SITE WORKS > SUPERSTRUCTURE > LEVEL 5 ~ 1,400m2",continue shelf angle and sealing deck,1,1,crane,0.65,medium,lead,2.5,single_day,2,True,False,False,accepted,,manual_first_pass
1255,"Day 10 - Complete shelf angle and sealing deck, and pre pour works (6 men)","ON SITE WORKS > SUPERSTRUCTURE > LEVEL 5 ~ 1,400m2","complete shelf angle and sealing deck, and pre pour works",1,1,ewp,0.7,medium,lead,5.0,single_day,1,True,False,False,accepted,,manual_first_pass
1255,"Day 10 - Complete shelf angle and sealing deck, and pre pour works (6 men)","ON SITE WORKS > SUPERSTRUCTURE > LEVEL 5 ~ 1,400m2","complete shelf angle and sealing deck, and pre pour works",1,1,crane,0.65,medium,lead,2.5,single_day,2,True,False,False,accepted,,manual_first_pass
1258,"Day 11 - Slab pour, pour 1","ON SITE WORKS > SUPERSTRUCTURE > LEVEL 5 ~ 1,400m2","slab pour, pour",1,1,concrete_pump,0.95,high,lead,8.0,single_day,1,True,False,False,accepted,,manual_first_pass
1258,"Day 11 - Slab pour, pour 1","ON SITE WORKS > SUPERSTRUCTURE > LEVEL 5 ~ 1,400m2","slab pour, pour",1,1,telehandler,0.2,low,incidental,0.5,single_day,2,False,False,True,accepted,,manual_first_pass
1259,"Day 12 - Slab pour, pour 2","ON SITE WORKS > SUPERSTRUCTURE > LEVEL 5 ~ 1,400m2","slab pour, pour",1,1,concrete_pump,0.95,high,lead,8.0,single_day,1,True,False,False,accepted,,manual_first_pass
1259,"Day 12 - Slab pour, pour 2","ON SITE WORKS > SUPERSTRUCTURE > LEVEL 5 ~ 1,400m2","slab pour, pour",1,1,telehandler,0.2,low,incidental,0.5,single_day,2,False,False,True,accepted,,manual_first_pass
1270,Day 3 - Pour columns to pour 1,"ON SITE WORKS > SUPERSTRUCTURE > LEVEL 6 ~ 1,400m2",pour columns to pour,1,1,concrete_pump,0.95,high,lead,8.0,single_day,1,True,False,False,accepted,,manual_first_pass
1270,Day 3 - Pour columns to pour 1,"ON SITE WORKS > SUPERSTRUCTURE > LEVEL 6 ~ 1,400m2",pour columns to pour,1,1,telehandler,0.2,low,incidental,0.5,single_day,2,False,False,True,accepted,,manual_first_pass
1276,Day 5 - Pour columns pour 2,"ON SITE WORKS > SUPERSTRUCTURE > LEVEL 6 ~ 1,400m2",pour columns pour,1,1,concrete_pump,0.95,high,lead,8.0,single_day,1,True,False,False,accepted,,manual_first_pass
1276,Day 5 - Pour columns pour 2,"ON SITE WORKS > SUPERSTRUCTURE > LEVEL 6 ~ 1,400m2",pour columns pour,1,1,telehandler,0.2,low,incidental,0.5,single_day,2,False,False,True,accepted,,manual_first_pass
1278,"Day 5 - Dog box works, caulking panels","ON SITE WORKS > SUPERSTRUCTURE > LEVEL 6 ~ 1,400m2","dog box works, caulking panels",1,1,ewp,0.7,medium,lead,5.0,single_day,1,True,False,False,accepted,,manual_first_pass
1278,"Day 5 - Dog box works, caulking panels","ON SITE WORKS > SUPERSTRUCTURE > LEVEL 6 ~ 1,400m2","dog box works, caulking panels",1,1,crane,0.65,medium,lead,2.5,single_day,2,True,False,False,accepted,,manual_first_pass
1280,Day 6 - Complete dog box works – caulking panels,"ON SITE WORKS > SUPERSTRUCTURE > LEVEL 6 ~ 1,400m2",complete dog box works – caulking panels,1,1,ewp,0.7,medium,lead,5.0,single_day,1,True,False,False,accepted,,manual_first_pass
1280,Day 6 - Complete dog box works – caulking panels,"ON SITE WORKS > SUPERSTRUCTURE > LEVEL 6 ~ 1,400m2",complete dog box works – caulking panels,1,1,crane,0.65,medium,lead,2.5,single_day,2,True,False,False,accepted,,manual_first_pass
1282,Day 6 - Complete levelling pour 1,"ON SITE WORKS > SUPERSTRUCTURE > LEVEL 6 ~ 1,400m2",complete levelling pour,1,1,concrete_pump,0.95,high,lead,8.0,single_day,1,True,False,False,accepted,,manual_first_pass
1282,Day 6 - Complete levelling pour 1,"ON SITE WORKS > SUPERSTRUCTURE > LEVEL 6 ~ 1,400m2",complete levelling pour,1,1,telehandler,0.2,low,incidental,0.5,single_day,2,False,False,True,accepted,,manual_first_pass
1284,Day 7 - Complete levelling pour 2 (2 men),"ON SITE WORKS > SUPERSTRUCTURE > LEVEL 6 ~ 1,400m2",complete levelling pour,1,1,concrete_pump,0.95,high,lead,8.0,single_day,1,True,False,False,accepted,,manual_first_pass
1284,Day 7 - Complete levelling pour 2 (2 men),"ON SITE WORKS > SUPERSTRUCTURE > LEVEL 6 ~ 1,400m2",complete levelling pour,1,1,telehandler,0.2,low,incidental,0.5,single_day,2,False,False,True,accepted,,manual_first_pass
1286,Day 8 - Commence shelf angle and sealing deck (2 men),"ON SITE WORKS > SUPERSTRUCTURE > LEVEL 6 ~ 1,400m2",commence shelf angle and sealing deck,1,1,ewp,0.7,medium,lead,5.0,single_day,1,True,False,False,accepted,,manual_first_pass
1286,Day 8 - Commence shelf angle and sealing deck (2 men),"ON SITE WORKS > SUPERSTRUCTURE > LEVEL 6 ~ 1,400m2",commence shelf angle and sealing deck,1,1,crane,0.65,medium,lead,2.5,single_day,2,True,False,False,accepted,,manual_first_pass
1288,Day 9 - Reo delivery first thing,"ON SITE WORKS > SUPERSTRUCTURE > LEVEL 6 ~ 1,400m2",reo delivery first thing,1,1,loading_bay,0.85,high,lead,4.0,single_day,1,True,False,False,accepted,,manual_first_pass
1288,Day 9 - Reo delivery first thing,"ON SITE WORKS > SUPERSTRUCTURE > LEVEL 6 ~ 1,400m2",reo delivery first thing,1,1,forklift,0.7,medium,support,2.0,single_day,2,False,True,False,accepted,,manual_first_pass
1288,Day 9 - Reo delivery first thing,"ON SITE WORKS > SUPERSTRUCTURE > LEVEL 6 ~ 1,400m2",reo delivery first thing,1,1,crane,0.35,low,support,2.0,single_day,3,False,True,False,accepted,,manual_first_pass
1288,Day 9 - Reo delivery first thing,"ON SITE WORKS > SUPERSTRUCTURE > LEVEL 6 ~ 1,400m2",reo delivery first thing,1,1,telehandler,0.3,low,incidental,1.0,single_day,4,False,False,True,accepted,,manual_first_pass
1291,Day 9 - Continue shelf angle and sealing deck (2 men),"ON SITE WORKS > SUPERSTRUCTURE > LEVEL 6 ~ 1,400m2",continue shelf angle and sealing deck,1,1,ewp,0.7,medium,lead,5.0,single_day,1,True,False,False,accepted,,manual_first_pass
1291,Day 9 - Continue shelf angle and sealing deck (2 men),"ON SITE WORKS > SUPERSTRUCTURE > LEVEL 6 ~ 1,400m2",continue shelf angle and sealing deck,1,1,crane,0.65,medium,lead,2.5,single_day,2,True,False,False,accepted,,manual_first_pass
1294,"Day 10 - Complete shelf angle and sealing deck, and pre pour works (6 men)","ON SITE WORKS > SUPERSTRUCTURE > LEVEL 6 ~ 1,400m2","complete shelf angle and sealing deck, and pre pour works",1,1,ewp,0.7,medium,lead,5.0,single_day,1,True,False,False,accepted,,manual_first_pass
1294,"Day 10 - Complete shelf angle and sealing deck, and pre pour works (6 men)","ON SITE WORKS > SUPERSTRUCTURE > LEVEL 6 ~ 1,400m2","complete shelf angle and sealing deck, and pre pour works",1,1,crane,0.65,medium,lead,2.5,single_day,2,True,False,False,accepted,,manual_first_pass
1297,"Day 11 - Slab pour, pour 1","ON SITE WORKS > SUPERSTRUCTURE > LEVEL 6 ~ 1,400m2","slab pour, pour",1,1,concrete_pump,0.95,high,lead,8.0,single_day,1,True,False,False,accepted,,manual_first_pass
1297,"Day 11 - Slab pour, pour 1","ON SITE WORKS > SUPERSTRUCTURE > LEVEL 6 ~ 1,400m2","slab pour, pour",1,1,telehandler,0.2,low,incidental,0.5,single_day,2,False,False,True,accepted,,manual_first_pass
1298,Day 12 - Strip Slab Edging and prepare for Pour 2,"ON SITE WORKS > SUPERSTRUCTURE > LEVEL 6 ~ 1,400m2",strip slab edging and prepare for pour,1,1,telehandler,0.3,low,lead,1.5,single_day,1,True,False,False,accepted,,manual_first_pass
1298,Day 12 - Strip Slab Edging and prepare for Pour 2,"ON SITE WORKS > SUPERSTRUCTURE > LEVEL 6 ~ 1,400m2",strip slab edging and prepare for pour,1,1,forklift,0.25,low,incidental,0.5,single_day,2,False,False,True,accepted,,manual_first_pass
1299,"Day 13 - Slab pour, pour 2","ON SITE WORKS > SUPERSTRUCTURE > LEVEL 6 ~ 1,400m2","slab pour, pour",1,1,concrete_pump,0.95,high,lead,8.0,single_day,1,True,False,False,accepted,,manual_first_pass
1299,"Day 13 - Slab pour, pour 2","ON SITE WORKS > SUPERSTRUCTURE > LEVEL 6 ~ 1,400m2","slab pour, pour",1,1,telehandler,0.2,low,incidental,0.5,single_day,2,False,False,True,accepted,,manual_first_pass
1310,Day 3 - Pour columns to pour 1,"ON SITE WORKS > SUPERSTRUCTURE > LEVEL 7 ~ 1,400m2",pour columns to pour,1,1,concrete_pump,0.95,high,lead,8.0,single_day,1,True,False,False,accepted,,manual_first_pass
1310,Day 3 - Pour columns to pour 1,"ON SITE WORKS > SUPERSTRUCTURE > LEVEL 7 ~ 1,400m2",pour columns to pour,1,1,telehandler,0.2,low,incidental,0.5,single_day,2,False,False,True,accepted,,manual_first_pass
1316,Day 5 - Pour columns pour 2,"ON SITE WORKS > SUPERSTRUCTURE > LEVEL 7 ~ 1,400m2",pour columns pour,1,1,concrete_pump,0.95,high,lead,8.0,single_day,1,True,False,False,accepted,,manual_first_pass
1316,Day 5 - Pour columns pour 2,"ON SITE WORKS > SUPERSTRUCTURE > LEVEL 7 ~ 1,400m2",pour columns pour,1,1,telehandler,0.2,low,incidental,0.5,single_day,2,False,False,True,accepted,,manual_first_pass
1318,"Day 5 - Dog box works, caulking panels","ON SITE WORKS > SUPERSTRUCTURE > LEVEL 7 ~ 1,400m2","dog box works, caulking panels",1,1,ewp,0.7,medium,lead,5.0,single_day,1,True,False,False,accepted,,manual_first_pass
1318,"Day 5 - Dog box works, caulking panels","ON SITE WORKS > SUPERSTRUCTURE > LEVEL 7 ~ 1,400m2","dog box works, caulking panels",1,1,crane,0.65,medium,lead,2.5,single_day,2,True,False,False,accepted,,manual_first_pass
1320,Day 6 - Complete dog box works – caulking panels,"ON SITE WORKS > SUPERSTRUCTURE > LEVEL 7 ~ 1,400m2",complete dog box works – caulking panels,1,1,ewp,0.7,medium,lead,5.0,single_day,1,True,False,False,accepted,,manual_first_pass
1320,Day 6 - Complete dog box works – caulking panels,"ON SITE WORKS > SUPERSTRUCTURE > LEVEL 7 ~ 1,400m2",complete dog box works – caulking panels,1,1,crane,0.65,medium,lead,2.5,single_day,2,True,False,False,accepted,,manual_first_pass
1322,Day 6 - Complete levelling pour 1,"ON SITE WORKS > SUPERSTRUCTURE > LEVEL 7 ~ 1,400m2",complete levelling pour,1,1,concrete_pump,0.95,high,lead,8.0,single_day,1,True,False,False,accepted,,manual_first_pass
1322,Day 6 - Complete levelling pour 1,"ON SITE WORKS > SUPERSTRUCTURE > LEVEL 7 ~ 1,400m2",complete levelling pour,1,1,telehandler,0.2,low,incidental,0.5,single_day,2,False,False,True,accepted,,manual_first_pass
1324,Day 7 - Complete levelling pour 2 (2 men),"ON SITE WORKS > SUPERSTRUCTURE > LEVEL 7 ~ 1,400m2",complete levelling pour,1,1,concrete_pump,0.95,high,lead,8.0,single_day,1,True,False,False,accepted,,manual_first_pass
1324,Day 7 - Complete levelling pour 2 (2 men),"ON SITE WORKS > SUPERSTRUCTURE > LEVEL 7 ~ 1,400m2",complete levelling pour,1,1,telehandler,0.2,low,incidental,0.5,single_day,2,False,False,True,accepted,,manual_first_pass
1326,Day 8 - Commence shelf angle and sealing deck (2 men),"ON SITE WORKS > SUPERSTRUCTURE > LEVEL 7 ~ 1,400m2",commence shelf angle and sealing deck,2,2,ewp,0.7,medium,lead,10.0,uniform,1,True,False,False,accepted,,manual_first_pass
1326,Day 8 - Commence shelf angle and sealing deck (2 men),"ON SITE WORKS > SUPERSTRUCTURE > LEVEL 7 ~ 1,400m2",commence shelf angle and sealing deck,2,2,crane,0.65,medium,lead,5.0,uniform,2,True,False,False,accepted,,manual_first_pass
1328,Day 9 - Reo delivery first thing,"ON SITE WORKS > SUPERSTRUCTURE > LEVEL 7 ~ 1,400m2",reo delivery first thing,1,1,loading_bay,0.85,high,lead,4.0,single_day,1,True,False,False,accepted,,manual_first_pass
1328,Day 9 - Reo delivery first thing,"ON SITE WORKS > SUPERSTRUCTURE > LEVEL 7 ~ 1,400m2",reo delivery first thing,1,1,forklift,0.7,medium,support,2.0,single_day,2,False,True,False,accepted,,manual_first_pass
1328,Day 9 - Reo delivery first thing,"ON SITE WORKS > SUPERSTRUCTURE > LEVEL 7 ~ 1,400m2",reo delivery first thing,1,1,crane,0.35,low,support,2.0,single_day,3,False,True,False,accepted,,manual_first_pass
1328,Day 9 - Reo delivery first thing,"ON SITE WORKS > SUPERSTRUCTURE > LEVEL 7 ~ 1,400m2",reo delivery first thing,1,1,telehandler,0.3,low,incidental,1.0,single_day,4,False,False,True,accepted,,manual_first_pass
1331,Day 9 - Continue shelf angle and sealing deck (2 men),"ON SITE WORKS > SUPERSTRUCTURE > LEVEL 7 ~ 1,400m2",continue shelf angle and sealing deck,1,1,ewp,0.7,medium,lead,5.0,single_day,1,True,False,False,accepted,,manual_first_pass
1331,Day 9 - Continue shelf angle and sealing deck (2 men),"ON SITE WORKS > SUPERSTRUCTURE > LEVEL 7 ~ 1,400m2",continue shelf angle and sealing deck,1,1,crane,0.65,medium,lead,2.5,single_day,2,True,False,False,accepted,,manual_first_pass
1334,"Day 10 - Complete shelf angle and sealing deck, and pre pour works (6 men)","ON SITE WORKS > SUPERSTRUCTURE > LEVEL 7 ~ 1,400m2","complete shelf angle and sealing deck, and pre pour works",1,1,ewp,0.7,medium,lead,5.0,single_day,1,True,False,False,accepted,,manual_first_pass
1334,"Day 10 - Complete shelf angle and sealing deck, and pre pour works (6 men)","ON SITE WORKS > SUPERSTRUCTURE > LEVEL 7 ~ 1,400m2","complete shelf angle and sealing deck, and pre pour works",1,1,crane,0.65,medium,lead,2.5,single_day,2,True,False,False,accepted,,manual_first_pass
1336,"Day 11 - Slab pour, pour 1","ON SITE WORKS > SUPERSTRUCTURE > LEVEL 7 ~ 1,400m2","slab pour, pour",0,1,concrete_pump,0.95,high,lead,8.0,single_day,1,True,False,False,accepted,,manual_first_pass
1336,"Day 11 - Slab pour, pour 1","ON SITE WORKS > SUPERSTRUCTURE > LEVEL 7 ~ 1,400m2","slab pour, pour",0,1,telehandler,0.2,low,incidental,0.5,single_day,2,False,False,True,accepted,,manual_first_pass
1337,Day 12 - Strip Slab Edging and prepare for Pour 2,"ON SITE WORKS > SUPERSTRUCTURE > LEVEL 7 ~ 1,400m2",strip slab edging and prepare for pour,1,1,telehandler,0.3,low,lead,1.5,single_day,1,True,False,False,accepted,,manual_first_pass
1337,Day 12 - Strip Slab Edging and prepare for Pour 2,"ON SITE WORKS > SUPERSTRUCTURE > LEVEL 7 ~ 1,400m2",strip slab edging and prepare for pour,1,1,forklift,0.25,low,incidental,0.5,single_day,2,False,False,True,accepted,,manual_first_pass
1338,"Day 13 - Slab pour, pour 2","ON SITE WORKS > SUPERSTRUCTURE > LEVEL 7 ~ 1,400m2","slab pour, pour",1,1,concrete_pump,0.95,high,lead,8.0,single_day,1,True,False,False,accepted,,manual_first_pass
1338,"Day 13 - Slab pour, pour 2","ON SITE WORKS > SUPERSTRUCTURE > LEVEL 7 ~ 1,400m2","slab pour, pour",1,1,telehandler,0.2,low,incidental,0.5,single_day,2,False,False,True,accepted,,manual_first_pass
1349,Day 3 - Pour columns to pour 1,"ON SITE WORKS > SUPERSTRUCTURE > LEVEL 8 ~ 1,400m2",pour columns to pour,1,1,concrete_pump,0.95,high,lead,8.0,single_day,1,True,False,False,accepted,,manual_first_pass
1349,Day 3 - Pour columns to pour 1,"ON SITE WORKS > SUPERSTRUCTURE > LEVEL 8 ~ 1,400m2",pour columns to pour,1,1,telehandler,0.2,low,incidental,0.5,single_day,2,False,False,True,accepted,,manual_first_pass
1355,Day 5 - Pour columns pour 2,"ON SITE WORKS > SUPERSTRUCTURE > LEVEL 8 ~ 1,400m2",pour columns pour,1,1,concrete_pump,0.95,high,lead,8.0,single_day,1,True,False,False,accepted,,manual_first_pass
1355,Day 5 - Pour columns pour 2,"ON SITE WORKS > SUPERSTRUCTURE > LEVEL 8 ~ 1,400m2",pour columns pour,1,1,telehandler,0.2,low,incidental,0.5,single_day,2,False,False,True,accepted,,manual_first_pass
1357,"Day 5 - Dog box works, caulking panels","ON SITE WORKS > SUPERSTRUCTURE > LEVEL 8 ~ 1,400m2","dog box works, caulking panels",1,1,ewp,0.7,medium,lead,5.0,single_day,1,True,False,False,accepted,,manual_first_pass
1357,"Day 5 - Dog box works, caulking panels","ON SITE WORKS > SUPERSTRUCTURE > LEVEL 8 ~ 1,400m2","dog box works, caulking panels",1,1,crane,0.65,medium,lead,2.5,single_day,2,True,False,False,accepted,,manual_first_pass
1359,Day 6 - Complete dog box works – caulking panels,"ON SITE WORKS > SUPERSTRUCTURE > LEVEL 8 ~ 1,400m2",complete dog box works – caulking panels,1,1,ewp,0.7,medium,lead,5.0,single_day,1,True,False,False,accepted,,manual_first_pass
1359,Day 6 - Complete dog box works – caulking panels,"ON SITE WORKS > SUPERSTRUCTURE > LEVEL 8 ~ 1,400m2",complete dog box works – caulking panels,1,1,crane,0.65,medium,lead,2.5,single_day,2,True,False,False,accepted,,manual_first_pass
1361,Day 6 - Complete levelling pour 1,"ON SITE WORKS > SUPERSTRUCTURE > LEVEL 8 ~ 1,400m2",complete levelling pour,1,1,concrete_pump,0.95,high,lead,8.0,single_day,1,True,False,False,accepted,,manual_first_pass
1361,Day 6 - Complete levelling pour 1,"ON SITE WORKS > SUPERSTRUCTURE > LEVEL 8 ~ 1,400m2",complete levelling pour,1,1,telehandler,0.2,low,incidental,0.5,single_day,2,False,False,True,accepted,,manual_first_pass
1365,Day 8 - Commence shelf angle and sealing deck (2 men),"ON SITE WORKS > SUPERSTRUCTURE > LEVEL 8 ~ 1,400m2",commence shelf angle and sealing deck,1,1,ewp,0.7,medium,lead,5.0,single_day,1,True,False,False,accepted,,manual_first_pass
1365,Day 8 - Commence shelf angle and sealing deck (2 men),"ON SITE WORKS > SUPERSTRUCTURE > LEVEL 8 ~ 1,400m2",commence shelf angle and sealing deck,1,1,crane,0.65,medium,lead,2.5,single_day,2,True,False,False,accepted,,manual_first_pass
1367,Day 9 - Reo delivery first thing,"ON SITE WORKS > SUPERSTRUCTURE > LEVEL 8 ~ 1,400m2",reo delivery first thing,1,1,loading_bay,0.85,high,lead,4.0,single_day,1,True,False,False,accepted,,manual_first_pass
1367,Day 9 - Reo delivery first thing,"ON SITE WORKS > SUPERSTRUCTURE > LEVEL 8 ~ 1,400m2",reo delivery first thing,1,1,forklift,0.7,medium,support,2.0,single_day,2,False,True,False,accepted,,manual_first_pass
1367,Day 9 - Reo delivery first thing,"ON SITE WORKS > SUPERSTRUCTURE > LEVEL 8 ~ 1,400m2",reo delivery first thing,1,1,crane,0.35,low,support,2.0,single_day,3,False,True,False,accepted,,manual_first_pass
1367,Day 9 - Reo delivery first thing,"ON SITE WORKS > SUPERSTRUCTURE > LEVEL 8 ~ 1,400m2",reo delivery first thing,1,1,telehandler,0.3,low,incidental,1.0,single_day,4,False,False,True,accepted,,manual_first_pass
1370,Day 9 - Continue shelf angle and sealing deck (2 men),"ON SITE WORKS > SUPERSTRUCTURE > LEVEL 8 ~ 1,400m2",continue shelf angle and sealing deck,1,1,ewp,0.7,medium,lead,5.0,single_day,1,True,False,False,accepted,,manual_first_pass
1370,Day 9 - Continue shelf angle and sealing deck (2 men),"ON SITE WORKS > SUPERSTRUCTURE > LEVEL 8 ~ 1,400m2",continue shelf angle and sealing deck,1,1,crane,0.65,medium,lead,2.5,single_day,2,True,False,False,accepted,,manual_first_pass
1373,"Day 10 - Complete shelf angle and sealing deck, and pre pour works (6 men)","ON SITE WORKS > SUPERSTRUCTURE > LEVEL 8 ~ 1,400m2","complete shelf angle and sealing deck, and pre pour works",1,1,ewp,0.7,medium,lead,5.0,single_day,1,True,False,False,accepted,,manual_first_pass
1373,"Day 10 - Complete shelf angle and sealing deck, and pre pour works (6 men)","ON SITE WORKS > SUPERSTRUCTURE > LEVEL 8 ~ 1,400m2","complete shelf angle and sealing deck, and pre pour works",1,1,crane,0.65,medium,lead,2.5,single_day,2,True,False,False,accepted,,manual_first_pass
1375,"Day 11 - Slab pour, pour 1","ON SITE WORKS > SUPERSTRUCTURE > LEVEL 8 ~ 1,400m2","slab pour, pour",1,1,concrete_pump,0.95,high,lead,8.0,single_day,1,True,False,False,accepted,,manual_first_pass
1375,"Day 11 - Slab pour, pour 1","ON SITE WORKS > SUPERSTRUCTURE > LEVEL 8 ~ 1,400m2","slab pour, pour",1,1,telehandler,0.2,low,incidental,0.5,single_day,2,False,False,True,accepted,,manual_first_pass
1376,Day 12 - Strip Slab Edging and prepare for Pour 2,"ON SITE WORKS > SUPERSTRUCTURE > LEVEL 8 ~ 1,400m2",strip slab edging and prepare for pour,1,1,telehandler,0.3,low,lead,1.5,single_day,1,True,False,False,accepted,,manual_first_pass
1376,Day 12 - Strip Slab Edging and prepare for Pour 2,"ON SITE WORKS > SUPERSTRUCTURE > LEVEL 8 ~ 1,400m2",strip slab edging and prepare for pour,1,1,forklift,0.25,low,incidental,0.5,single_day,2,False,False,True,accepted,,manual_first_pass
1377,"Day 13 - Slab Pour, pour 2","ON SITE WORKS > SUPERSTRUCTURE > LEVEL 8 ~ 1,400m2","slab pour, pour",1,1,concrete_pump,0.95,high,lead,8.0,single_day,1,True,False,False,accepted,,manual_first_pass
1377,"Day 13 - Slab Pour, pour 2","ON SITE WORKS > SUPERSTRUCTURE > LEVEL 8 ~ 1,400m2","slab pour, pour",1,1,telehandler,0.2,low,incidental,0.5,single_day,2,False,False,True,accepted,,manual_first_pass
1388,Day 3 - Pour columns to pour 1,"ON SITE WORKS > SUPERSTRUCTURE > LEVEL 9 ~ 1,400m2",pour columns to pour,1,1,concrete_pump,0.95,high,lead,8.0,single_day,1,True,False,False,accepted,,manual_first_pass
1388,Day 3 - Pour columns to pour 1,"ON SITE WORKS > SUPERSTRUCTURE > LEVEL 9 ~ 1,400m2",pour columns to pour,1,1,telehandler,0.2,low,incidental,0.5,single_day,2,False,False,True,accepted,,manual_first_pass
1394,Day 5 - Pour columns pour 2,"ON SITE WORKS > SUPERSTRUCTURE > LEVEL 9 ~ 1,400m2",pour columns pour,1,1,concrete_pump,0.95,high,lead,8.0,single_day,1,True,False,False,accepted,,manual_first_pass
1394,Day 5 - Pour columns pour 2,"ON SITE WORKS > SUPERSTRUCTURE > LEVEL 9 ~ 1,400m2",pour columns pour,1,1,telehandler,0.2,low,incidental,0.5,single_day,2,False,False,True,accepted,,manual_first_pass
1396,"Day 5 - Dog box works, caulking panels","ON SITE WORKS > SUPERSTRUCTURE > LEVEL 9 ~ 1,400m2","dog box works, caulking panels",1,1,ewp,0.7,medium,lead,5.0,single_day,1,True,False,False,accepted,,manual_first_pass
1396,"Day 5 - Dog box works, caulking panels","ON SITE WORKS > SUPERSTRUCTURE > LEVEL 9 ~ 1,400m2","dog box works, caulking panels",1,1,crane,0.65,medium,lead,2.5,single_day,2,True,False,False,accepted,,manual_first_pass
1398,Day 6 - Complete dog box works – caulking panels,"ON SITE WORKS > SUPERSTRUCTURE > LEVEL 9 ~ 1,400m2",complete dog box works – caulking panels,1,1,ewp,0.7,medium,lead,5.0,single_day,1,True,False,False,accepted,,manual_first_pass
1398,Day 6 - Complete dog box works – caulking panels,"ON SITE WORKS > SUPERSTRUCTURE > LEVEL 9 ~ 1,400m2",complete dog box works – caulking panels,1,1,crane,0.65,medium,lead,2.5,single_day,2,True,False,False,accepted,,manual_first_pass
1400,Day 6 - Complete levelling pour 1,"ON SITE WORKS > SUPERSTRUCTURE > LEVEL 9 ~ 1,400m2",complete levelling pour,1,1,concrete_pump,0.95,high,lead,8.0,single_day,1,True,False,False,accepted,,manual_first_pass
1400,Day 6 - Complete levelling pour 1,"ON SITE WORKS > SUPERSTRUCTURE > LEVEL 9 ~ 1,400m2",complete levelling pour,1,1,telehandler,0.2,low,incidental,0.5,single_day,2,False,False,True,accepted,,manual_first_pass
1402,Day 7 - Complete levelling pour 2 (2 men),"ON SITE WORKS > SUPERSTRUCTURE > LEVEL 9 ~ 1,400m2",complete levelling pour,1,1,concrete_pump,0.95,high,lead,8.0,single_day,1,True,False,False,accepted,,manual_first_pass
1402,Day 7 - Complete levelling pour 2 (2 men),"ON SITE WORKS > SUPERSTRUCTURE > LEVEL 9 ~ 1,400m2",complete levelling pour,1,1,telehandler,0.2,low,incidental,0.5,single_day,2,False,False,True,accepted,,manual_first_pass
1404,Day 8 - Commence shelf angle and sealing deck (2 men),"ON SITE WORKS > SUPERSTRUCTURE > LEVEL 9 ~ 1,400m2",commence shelf angle and sealing deck,1,1,ewp,0.7,medium,lead,5.0,single_day,1,True,False,False,accepted,,manual_first_pass
1404,Day 8 - Commence shelf angle and sealing deck (2 men),"ON SITE WORKS > SUPERSTRUCTURE > LEVEL 9 ~ 1,400m2",commence shelf angle and sealing deck,1,1,crane,0.65,medium,lead,2.5,single_day,2,True,False,False,accepted,,manual_first_pass
1406,Day 9 - Reo delivery first thing,"ON SITE WORKS > SUPERSTRUCTURE > LEVEL 9 ~ 1,400m2",reo delivery first thing,1,1,loading_bay,0.85,high,lead,4.0,single_day,1,True,False,False,accepted,,manual_first_pass
1406,Day 9 - Reo delivery first thing,"ON SITE WORKS > SUPERSTRUCTURE > LEVEL 9 ~ 1,400m2",reo delivery first thing,1,1,forklift,0.7,medium,support,2.0,single_day,2,False,True,False,accepted,,manual_first_pass
1406,Day 9 - Reo delivery first thing,"ON SITE WORKS > SUPERSTRUCTURE > LEVEL 9 ~ 1,400m2",reo delivery first thing,1,1,crane,0.35,low,support,2.0,single_day,3,False,True,False,accepted,,manual_first_pass
1406,Day 9 - Reo delivery first thing,"ON SITE WORKS > SUPERSTRUCTURE > LEVEL 9 ~ 1,400m2",reo delivery first thing,1,1,telehandler,0.3,low,incidental,1.0,single_day,4,False,False,True,accepted,,manual_first_pass
1409,Day 9 - Continue shelf angle and sealing deck (2 men),"ON SITE WORKS > SUPERSTRUCTURE > LEVEL 9 ~ 1,400m2",continue shelf angle and sealing deck,1,1,ewp,0.7,medium,lead,5.0,single_day,1,True,False,False,accepted,,manual_first_pass
1409,Day 9 - Continue shelf angle and sealing deck (2 men),"ON SITE WORKS > SUPERSTRUCTURE > LEVEL 9 ~ 1,400m2",continue shelf angle and sealing deck,1,1,crane,0.65,medium,lead,2.5,single_day,2,True,False,False,accepted,,manual_first_pass
1412,"Day 10 - Complete shelf angle and sealing deck, and pre pour works (6 men)","ON SITE WORKS > SUPERSTRUCTURE > LEVEL 9 ~ 1,400m2","complete shelf angle and sealing deck, and pre pour works",1,1,ewp,0.7,medium,lead,5.0,single_day,1,True,False,False,accepted,,manual_first_pass
1412,"Day 10 - Complete shelf angle and sealing deck, and pre pour works (6 men)","ON SITE WORKS > SUPERSTRUCTURE > LEVEL 9 ~ 1,400m2","complete shelf angle and sealing deck, and pre pour works",1,1,crane,0.65,medium,lead,2.5,single_day,2,True,False,False,accepted,,manual_first_pass
1414,"Day 11 - Slab pour, pour 1","ON SITE WORKS > SUPERSTRUCTURE > LEVEL 9 ~ 1,400m2","slab pour, pour",1,1,concrete_pump,0.95,high,lead,8.0,single_day,1,True,False,False,accepted,,manual_first_pass
1414,"Day 11 - Slab pour, pour 1","ON SITE WORKS > SUPERSTRUCTURE > LEVEL 9 ~ 1,400m2","slab pour, pour",1,1,telehandler,0.2,low,incidental,0.5,single_day,2,False,False,True,accepted,,manual_first_pass
1415,Day 12 - Strip Slab Edging and prepare for Pour 2,"ON SITE WORKS > SUPERSTRUCTURE > LEVEL 9 ~ 1,400m2",strip slab edging and prepare for pour,1,1,telehandler,0.3,low,lead,1.5,single_day,1,True,False,False,accepted,,manual_first_pass
1415,Day 12 - Strip Slab Edging and prepare for Pour 2,"ON SITE WORKS > SUPERSTRUCTURE > LEVEL 9 ~ 1,400m2",strip slab edging and prepare for pour,1,1,forklift,0.25,low,incidental,0.5,single_day,2,False,False,True,accepted,,manual_first_pass
1416,"Day 13 - Slab pour, pour 2","ON SITE WORKS > SUPERSTRUCTURE > LEVEL 9 ~ 1,400m2","slab pour, pour",1,1,concrete_pump,0.95,high,lead,8.0,single_day,1,True,False,False,accepted,,manual_first_pass
1416,"Day 13 - Slab pour, pour 2","ON SITE WORKS > SUPERSTRUCTURE > LEVEL 9 ~ 1,400m2","slab pour, pour",1,1,telehandler,0.2,low,incidental,0.5,single_day,2,False,False,True,accepted,,manual_first_pass
1427,Day 3 - Pour columns to pour 1,"ON SITE WORKS > SUPERSTRUCTURE > LEVEL 10 ~ 1,400m2",pour columns to pour,1,1,concrete_pump,0.95,high,lead,8.0,single_day,1,True,False,False,accepted,,manual_first_pass
1427,Day 3 - Pour columns to pour 1,"ON SITE WORKS > SUPERSTRUCTURE > LEVEL 10 ~ 1,400m2",pour columns to pour,1,1,telehandler,0.2,low,incidental,0.5,single_day,2,False,False,True,accepted,,manual_first_pass
1433,Day 5 - Pour columns pour 2,"ON SITE WORKS > SUPERSTRUCTURE > LEVEL 10 ~ 1,400m2",pour columns pour,1,1,concrete_pump,0.95,high,lead,8.0,single_day,1,True,False,False,accepted,,manual_first_pass
1433,Day 5 - Pour columns pour 2,"ON SITE WORKS > SUPERSTRUCTURE > LEVEL 10 ~ 1,400m2",pour columns pour,1,1,telehandler,0.2,low,incidental,0.5,single_day,2,False,False,True,accepted,,manual_first_pass
1435,"Day 5 - Dog box works, caulking panels","ON SITE WORKS > SUPERSTRUCTURE > LEVEL 10 ~ 1,400m2","dog box works, caulking panels",1,1,ewp,0.7,medium,lead,5.0,single_day,1,True,False,False,accepted,,manual_first_pass
1435,"Day 5 - Dog box works, caulking panels","ON SITE WORKS > SUPERSTRUCTURE > LEVEL 10 ~ 1,400m2","dog box works, caulking panels",1,1,crane,0.65,medium,lead,2.5,single_day,2,True,False,False,accepted,,manual_first_pass
1437,Day 6 - Complete dog box works – caulking panels,"ON SITE WORKS > SUPERSTRUCTURE > LEVEL 10 ~ 1,400m2",complete dog box works – caulking panels,1,1,ewp,0.7,medium,lead,5.0,single_day,1,True,False,False,accepted,,manual_first_pass
1437,Day 6 - Complete dog box works – caulking panels,"ON SITE WORKS > SUPERSTRUCTURE > LEVEL 10 ~ 1,400m2",complete dog box works – caulking panels,1,1,crane,0.65,medium,lead,2.5,single_day,2,True,False,False,accepted,,manual_first_pass
1439,Day 6 - Complete levelling pour 1,"ON SITE WORKS > SUPERSTRUCTURE > LEVEL 10 ~ 1,400m2",complete levelling pour,1,1,concrete_pump,0.95,high,lead,8.0,single_day,1,True,False,False,accepted,,manual_first_pass
1439,Day 6 - Complete levelling pour 1,"ON SITE WORKS > SUPERSTRUCTURE > LEVEL 10 ~ 1,400m2",complete levelling pour,1,1,telehandler,0.2,low,incidental,0.5,single_day,2,False,False,True,accepted,,manual_first_pass
1441,Day 7 - Complete levelling pour 2 (2 men),"ON SITE WORKS > SUPERSTRUCTURE > LEVEL 10 ~ 1,400m2",complete levelling pour,1,1,concrete_pump,0.95,high,lead,8.0,single_day,1,True,False,False,accepted,,manual_first_pass
1441,Day 7 - Complete levelling pour 2 (2 men),"ON SITE WORKS > SUPERSTRUCTURE > LEVEL 10 ~ 1,400m2",complete levelling pour,1,1,telehandler,0.2,low,incidental,0.5,single_day,2,False,False,True,accepted,,manual_first_pass
1443,Day 8 - Commence shelf angle and sealing deck (2 men),"ON SITE WORKS > SUPERSTRUCTURE > LEVEL 10 ~ 1,400m2",commence shelf angle and sealing deck,1,1,ewp,0.7,medium,lead,5.0,single_day,1,True,False,False,accepted,,manual_first_pass
1443,Day 8 - Commence shelf angle and sealing deck (2 men),"ON SITE WORKS > SUPERSTRUCTURE > LEVEL 10 ~ 1,400m2",commence shelf angle and sealing deck,1,1,crane,0.65,medium,lead,2.5,single_day,2,True,False,False,accepted,,manual_first_pass
1445,Day 9 - Reo delivery first thing,"ON SITE WORKS > SUPERSTRUCTURE > LEVEL 10 ~ 1,400m2",reo delivery first thing,1,1,loading_bay,0.85,high,lead,4.0,single_day,1,True,False,False,accepted,,manual_first_pass
1445,Day 9 - Reo delivery first thing,"ON SITE WORKS > SUPERSTRUCTURE > LEVEL 10 ~ 1,400m2",reo delivery first thing,1,1,forklift,0.7,medium,support,2.0,single_day,2,False,True,False,accepted,,manual_first_pass
1445,Day 9 - Reo delivery first thing,"ON SITE WORKS > SUPERSTRUCTURE > LEVEL 10 ~ 1,400m2",reo delivery first thing,1,1,crane,0.35,low,support,2.0,single_day,3,False,True,False,accepted,,manual_first_pass
1445,Day 9 - Reo delivery first thing,"ON SITE WORKS > SUPERSTRUCTURE > LEVEL 10 ~ 1,400m2",reo delivery first thing,1,1,telehandler,0.3,low,incidental,1.0,single_day,4,False,False,True,accepted,,manual_first_pass
1448,Day 9 - Continue shelf angle and sealing deck (2 men),"ON SITE WORKS > SUPERSTRUCTURE > LEVEL 10 ~ 1,400m2",continue shelf angle and sealing deck,1,1,ewp,0.7,medium,lead,5.0,single_day,1,True,False,False,accepted,,manual_first_pass
1448,Day 9 - Continue shelf angle and sealing deck (2 men),"ON SITE WORKS > SUPERSTRUCTURE > LEVEL 10 ~ 1,400m2",continue shelf angle and sealing deck,1,1,crane,0.65,medium,lead,2.5,single_day,2,True,False,False,accepted,,manual_first_pass
1451,"Day 10 - Complete shelf angle and sealing deck, and pre pour works (6 men)","ON SITE WORKS > SUPERSTRUCTURE > LEVEL 10 ~ 1,400m2","complete shelf angle and sealing deck, and pre pour works",1,1,ewp,0.7,medium,lead,5.0,single_day,1,True,False,False,accepted,,manual_first_pass
1451,"Day 10 - Complete shelf angle and sealing deck, and pre pour works (6 men)","ON SITE WORKS > SUPERSTRUCTURE > LEVEL 10 ~ 1,400m2","complete shelf angle and sealing deck, and pre pour works",1,1,crane,0.65,medium,lead,2.5,single_day,2,True,False,False,accepted,,manual_first_pass
1453,"Day 11 - Slab pour, pour 1","ON SITE WORKS > SUPERSTRUCTURE > LEVEL 10 ~ 1,400m2","slab pour, pour",1,1,concrete_pump,0.95,high,lead,8.0,single_day,1,True,False,False,accepted,,manual_first_pass
1453,"Day 11 - Slab pour, pour 1","ON SITE WORKS > SUPERSTRUCTURE > LEVEL 10 ~ 1,400m2","slab pour, pour",1,1,telehandler,0.2,low,incidental,0.5,single_day,2,False,False,True,accepted,,manual_first_pass
1454,Day 12 - Strip Slab Edging and prepare for Pour 2,"ON SITE WORKS > SUPERSTRUCTURE > LEVEL 10 ~ 1,400m2",strip slab edging and prepare for pour,1,1,telehandler,0.3,low,lead,1.5,single_day,1,True,False,False,accepted,,manual_first_pass
1454,Day 12 - Strip Slab Edging and prepare for Pour 2,"ON SITE WORKS > SUPERSTRUCTURE > LEVEL 10 ~ 1,400m2",strip slab edging and prepare for pour,1,1,forklift,0.25,low,incidental,0.5,single_day,2,False,False,True,accepted,,manual_first_pass
1455,"Day 13 - Slab Pour, pour 2","ON SITE WORKS > SUPERSTRUCTURE > LEVEL 10 ~ 1,400m2","slab pour, pour",1,1,concrete_pump,0.95,high,lead,8.0,single_day,1,True,False,False,accepted,,manual_first_pass
1455,"Day 13 - Slab Pour, pour 2","ON SITE WORKS > SUPERSTRUCTURE > LEVEL 10 ~ 1,400m2","slab pour, pour",1,1,telehandler,0.2,low,incidental,0.5,single_day,2,False,False,True,accepted,,manual_first_pass
1466,Day 3 - Pour columns to pour 1,"ON SITE WORKS > SUPERSTRUCTURE > LEVEL 11 - PENTHOUSE ~ 1,400m2",pour columns to pour,1,1,concrete_pump,0.95,high,lead,8.0,single_day,1,True,False,False,accepted,,manual_first_pass
1466,Day 3 - Pour columns to pour 1,"ON SITE WORKS > SUPERSTRUCTURE > LEVEL 11 - PENTHOUSE ~ 1,400m2",pour columns to pour,1,1,telehandler,0.2,low,incidental,0.5,single_day,2,False,False,True,accepted,,manual_first_pass
1472,Day 5 - Pour columns pour 2,"ON SITE WORKS > SUPERSTRUCTURE > LEVEL 11 - PENTHOUSE ~ 1,400m2",pour columns pour,1,1,concrete_pump,0.95,high,lead,8.0,single_day,1,True,False,False,accepted,,manual_first_pass
1472,Day 5 - Pour columns pour 2,"ON SITE WORKS > SUPERSTRUCTURE > LEVEL 11 - PENTHOUSE ~ 1,400m2",pour columns pour,1,1,telehandler,0.2,low,incidental,0.5,single_day,2,False,False,True,accepted,,manual_first_pass
1474,"Day 5 - Dog box works, caulking panels","ON SITE WORKS > SUPERSTRUCTURE > LEVEL 11 - PENTHOUSE ~ 1,400m2","dog box works, caulking panels",1,1,ewp,0.7,medium,lead,5.0,single_day,1,True,False,False,accepted,,manual_first_pass
1474,"Day 5 - Dog box works, caulking panels","ON SITE WORKS > SUPERSTRUCTURE > LEVEL 11 - PENTHOUSE ~ 1,400m2","dog box works, caulking panels",1,1,crane,0.65,medium,lead,2.5,single_day,2,True,False,False,accepted,,manual_first_pass
1476,Day 6 - Complete dog box works – caulking panels,"ON SITE WORKS > SUPERSTRUCTURE > LEVEL 11 - PENTHOUSE ~ 1,400m2",complete dog box works – caulking panels,1,1,ewp,0.7,medium,lead,5.0,single_day,1,True,False,False,accepted,,manual_first_pass
1476,Day 6 - Complete dog box works – caulking panels,"ON SITE WORKS > SUPERSTRUCTURE > LEVEL 11 - PENTHOUSE ~ 1,400m2",complete dog box works – caulking panels,1,1,crane,0.65,medium,lead,2.5,single_day,2,True,False,False,accepted,,manual_first_pass
1478,Day 6 - Complete levelling pour 1,"ON SITE WORKS > SUPERSTRUCTURE > LEVEL 11 - PENTHOUSE ~ 1,400m2",complete levelling pour,1,1,concrete_pump,0.95,high,lead,8.0,single_day,1,True,False,False,accepted,,manual_first_pass
1478,Day 6 - Complete levelling pour 1,"ON SITE WORKS > SUPERSTRUCTURE > LEVEL 11 - PENTHOUSE ~ 1,400m2",complete levelling pour,1,1,telehandler,0.2,low,incidental,0.5,single_day,2,False,False,True,accepted,,manual_first_pass
1480,Day 7 - Complete levelling pour 2 (2 men),"ON SITE WORKS > SUPERSTRUCTURE > LEVEL 11 - PENTHOUSE ~ 1,400m2",complete levelling pour,1,1,concrete_pump,0.95,high,lead,8.0,single_day,1,True,False,False,accepted,,manual_first_pass
1480,Day 7 - Complete levelling pour 2 (2 men),"ON SITE WORKS > SUPERSTRUCTURE > LEVEL 11 - PENTHOUSE ~ 1,400m2",complete levelling pour,1,1,telehandler,0.2,low,incidental,0.5,single_day,2,False,False,True,accepted,,manual_first_pass
1482,Day 8 - Commence shelf angle and sealing deck (2 men),"ON SITE WORKS > SUPERSTRUCTURE > LEVEL 11 - PENTHOUSE ~ 1,400m2",commence shelf angle and sealing deck,1,1,ewp,0.7,medium,lead,5.0,single_day,1,True,False,False,accepted,,manual_first_pass
1482,Day 8 - Commence shelf angle and sealing deck (2 men),"ON SITE WORKS > SUPERSTRUCTURE > LEVEL 11 - PENTHOUSE ~ 1,400m2",commence shelf angle and sealing deck,1,1,crane,0.65,medium,lead,2.5,single_day,2,True,False,False,accepted,,manual_first_pass
1484,Day 9 - Reo delivery first thing,"ON SITE WORKS > SUPERSTRUCTURE > LEVEL 11 - PENTHOUSE ~ 1,400m2",reo delivery first thing,1,1,loading_bay,0.85,high,lead,4.0,single_day,1,True,False,False,accepted,,manual_first_pass
1484,Day 9 - Reo delivery first thing,"ON SITE WORKS > SUPERSTRUCTURE > LEVEL 11 - PENTHOUSE ~ 1,400m2",reo delivery first thing,1,1,forklift,0.7,medium,support,2.0,single_day,2,False,True,False,accepted,,manual_first_pass
1484,Day 9 - Reo delivery first thing,"ON SITE WORKS > SUPERSTRUCTURE > LEVEL 11 - PENTHOUSE ~ 1,400m2",reo delivery first thing,1,1,crane,0.35,low,support,2.0,single_day,3,False,True,False,accepted,,manual_first_pass
1484,Day 9 - Reo delivery first thing,"ON SITE WORKS > SUPERSTRUCTURE > LEVEL 11 - PENTHOUSE ~ 1,400m2",reo delivery first thing,1,1,telehandler,0.3,low,incidental,1.0,single_day,4,False,False,True,accepted,,manual_first_pass
1487,Day 9 - Continue shelf angle and sealing deck (2 men),"ON SITE WORKS > SUPERSTRUCTURE > LEVEL 11 - PENTHOUSE ~ 1,400m2",continue shelf angle and sealing deck,1,1,ewp,0.7,medium,lead,5.0,single_day,1,True,False,False,accepted,,manual_first_pass
1487,Day 9 - Continue shelf angle and sealing deck (2 men),"ON SITE WORKS > SUPERSTRUCTURE > LEVEL 11 - PENTHOUSE ~ 1,400m2",continue shelf angle and sealing deck,1,1,crane,0.65,medium,lead,2.5,single_day,2,True,False,False,accepted,,manual_first_pass
1490,"Day 10 - Complete shelf angle and sealing deck, and pre pour works (6 men)","ON SITE WORKS > SUPERSTRUCTURE > LEVEL 11 - PENTHOUSE ~ 1,400m2","complete shelf angle and sealing deck, and pre pour works",1,1,ewp,0.7,medium,lead,5.0,single_day,1,True,False,False,accepted,,manual_first_pass
1490,"Day 10 - Complete shelf angle and sealing deck, and pre pour works (6 men)","ON SITE WORKS > SUPERSTRUCTURE > LEVEL 11 - PENTHOUSE ~ 1,400m2","complete shelf angle and sealing deck, and pre pour works",1,1,crane,0.65,medium,lead,2.5,single_day,2,True,False,False,accepted,,manual_first_pass
1492,"Day 11 - Slab pour, pour 1","ON SITE WORKS > SUPERSTRUCTURE > LEVEL 11 - PENTHOUSE ~ 1,400m2","slab pour, pour",1,1,concrete_pump,0.95,high,lead,8.0,single_day,1,True,False,False,accepted,,manual_first_pass
1492,"Day 11 - Slab pour, pour 1","ON SITE WORKS > SUPERSTRUCTURE > LEVEL 11 - PENTHOUSE ~ 1,400m2","slab pour, pour",1,1,telehandler,0.2,low,incidental,0.5,single_day,2,False,False,True,accepted,,manual_first_pass
1493,Day 12 - Strip Slab Edging and prepare for Pour 2,"ON SITE WORKS > SUPERSTRUCTURE > LEVEL 11 - PENTHOUSE ~ 1,400m2",strip slab edging and prepare for pour,1,1,telehandler,0.3,low,lead,1.5,single_day,1,True,False,False,accepted,,manual_first_pass
1493,Day 12 - Strip Slab Edging and prepare for Pour 2,"ON SITE WORKS > SUPERSTRUCTURE > LEVEL 11 - PENTHOUSE ~ 1,400m2",strip slab edging and prepare for pour,1,1,forklift,0.25,low,incidental,0.5,single_day,2,False,False,True,accepted,,manual_first_pass
1494,"Day 13 - Slab Pour, pour 2","ON SITE WORKS > SUPERSTRUCTURE > LEVEL 11 - PENTHOUSE ~ 1,400m2","slab pour, pour",1,1,concrete_pump,0.95,high,lead,8.0,single_day,1,True,False,False,accepted,,manual_first_pass
1494,"Day 13 - Slab Pour, pour 2","ON SITE WORKS > SUPERSTRUCTURE > LEVEL 11 - PENTHOUSE ~ 1,400m2","slab pour, pour",1,1,telehandler,0.2,low,incidental,0.5,single_day,2,False,False,True,accepted,,manual_first_pass
1505,Day 3 - Pour columns to pour 1,"ON SITE WORKS > SUPERSTRUCTURE > LEVEL 12 - ROOF ~ 1,400m2",pour columns to pour,1,1,concrete_pump,0.95,high,lead,8.0,single_day,1,True,False,False,accepted,,manual_first_pass
1505,Day 3 - Pour columns to pour 1,"ON SITE WORKS > SUPERSTRUCTURE > LEVEL 12 - ROOF ~ 1,400m2",pour columns to pour,1,1,telehandler,0.2,low,incidental,0.5,single_day,2,False,False,True,accepted,,manual_first_pass
1511,Day 5 - Pour columns pour 2,"ON SITE WORKS > SUPERSTRUCTURE > LEVEL 12 - ROOF ~ 1,400m2",pour columns pour,1,1,concrete_pump,0.95,high,lead,8.0,single_day,1,True,False,False,accepted,,manual_first_pass
1511,Day 5 - Pour columns pour 2,"ON SITE WORKS > SUPERSTRUCTURE > LEVEL 12 - ROOF ~ 1,400m2",pour columns pour,1,1,telehandler,0.2,low,incidental,0.5,single_day,2,False,False,True,accepted,,manual_first_pass
1513,"Day 5 - Dog box works, caulking panels","ON SITE WORKS > SUPERSTRUCTURE > LEVEL 12 - ROOF ~ 1,400m2","dog box works, caulking panels",1,1,ewp,0.7,medium,lead,5.0,single_day,1,True,False,False,accepted,,manual_first_pass
1513,"Day 5 - Dog box works, caulking panels","ON SITE WORKS > SUPERSTRUCTURE > LEVEL 12 - ROOF ~ 1,400m2","dog box works, caulking panels",1,1,crane,0.65,medium,lead,2.5,single_day,2,True,False,False,accepted,,manual_first_pass
1515,Day 6 - Complete dog box works – caulking panels,"ON SITE WORKS > SUPERSTRUCTURE > LEVEL 12 - ROOF ~ 1,400m2",complete dog box works – caulking panels,1,1,ewp,0.7,medium,lead,5.0,single_day,1,True,False,False,accepted,,manual_first_pass
1515,Day 6 - Complete dog box works – caulking panels,"ON SITE WORKS > SUPERSTRUCTURE > LEVEL 12 - ROOF ~ 1,400m2",complete dog box works – caulking panels,1,1,crane,0.65,medium,lead,2.5,single_day,2,True,False,False,accepted,,manual_first_pass
1517,Day 6 - Complete levelling pour 1,"ON SITE WORKS > SUPERSTRUCTURE > LEVEL 12 - ROOF ~ 1,400m2",complete levelling pour,1,1,concrete_pump,0.95,high,lead,8.0,single_day,1,True,False,False,accepted,,manual_first_pass
1517,Day 6 - Complete levelling pour 1,"ON SITE WORKS > SUPERSTRUCTURE > LEVEL 12 - ROOF ~ 1,400m2",complete levelling pour,1,1,telehandler,0.2,low,incidental,0.5,single_day,2,False,False,True,accepted,,manual_first_pass
1519,Day 7 - Complete levelling pour 2 (2 men),"ON SITE WORKS > SUPERSTRUCTURE > LEVEL 12 - ROOF ~ 1,400m2",complete levelling pour,1,1,concrete_pump,0.95,high,lead,8.0,single_day,1,True,False,False,accepted,,manual_first_pass
1519,Day 7 - Complete levelling pour 2 (2 men),"ON SITE WORKS > SUPERSTRUCTURE > LEVEL 12 - ROOF ~ 1,400m2",complete levelling pour,1,1,telehandler,0.2,low,incidental,0.5,single_day,2,False,False,True,accepted,,manual_first_pass
1521,Day 8 - Commence shelf angle and sealing deck (2 men),"ON SITE WORKS > SUPERSTRUCTURE > LEVEL 12 - ROOF ~ 1,400m2",commence shelf angle and sealing deck,1,1,ewp,0.7,medium,lead,5.0,single_day,1,True,False,False,accepted,,manual_first_pass
1521,Day 8 - Commence shelf angle and sealing deck (2 men),"ON SITE WORKS > SUPERSTRUCTURE > LEVEL 12 - ROOF ~ 1,400m2",commence shelf angle and sealing deck,1,1,crane,0.65,medium,lead,2.5,single_day,2,True,False,False,accepted,,manual_first_pass
1523,Day 9 - Reo delivery first thing,"ON SITE WORKS > SUPERSTRUCTURE > LEVEL 12 - ROOF ~ 1,400m2",reo delivery first thing,1,1,loading_bay,0.85,high,lead,4.0,single_day,1,True,False,False,accepted,,manual_first_pass
1523,Day 9 - Reo delivery first thing,"ON SITE WORKS > SUPERSTRUCTURE > LEVEL 12 - ROOF ~ 1,400m2",reo delivery first thing,1,1,forklift,0.7,medium,support,2.0,single_day,2,False,True,False,accepted,,manual_first_pass
1523,Day 9 - Reo delivery first thing,"ON SITE WORKS > SUPERSTRUCTURE > LEVEL 12 - ROOF ~ 1,400m2",reo delivery first thing,1,1,crane,0.35,low,support,2.0,single_day,3,False,True,False,accepted,,manual_first_pass
1523,Day 9 - Reo delivery first thing,"ON SITE WORKS > SUPERSTRUCTURE > LEVEL 12 - ROOF ~ 1,400m2",reo delivery first thing,1,1,telehandler,0.3,low,incidental,1.0,single_day,4,False,False,True,accepted,,manual_first_pass
1526,Day 9 - Continue shelf angle and sealing deck (2 men),"ON SITE WORKS > SUPERSTRUCTURE > LEVEL 12 - ROOF ~ 1,400m2",continue shelf angle and sealing deck,1,1,ewp,0.7,medium,lead,5.0,single_day,1,True,False,False,accepted,,manual_first_pass
1526,Day 9 - Continue shelf angle and sealing deck (2 men),"ON SITE WORKS > SUPERSTRUCTURE > LEVEL 12 - ROOF ~ 1,400m2",continue shelf angle and sealing deck,1,1,crane,0.65,medium,lead,2.5,single_day,2,True,False,False,accepted,,manual_first_pass
1529,"Day 10 - Complete shelf angle and sealing deck, and pre pour works (6 men)","ON SITE WORKS > SUPERSTRUCTURE > LEVEL 12 - ROOF ~ 1,400m2","complete shelf angle and sealing deck, and pre pour works",1,1,ewp,0.7,medium,lead,5.0,single_day,1,True,False,False,accepted,,manual_first_pass
1529,"Day 10 - Complete shelf angle and sealing deck, and pre pour works (6 men)","ON SITE WORKS > SUPERSTRUCTURE > LEVEL 12 - ROOF ~ 1,400m2","complete shelf angle and sealing deck, and pre pour works",1,1,crane,0.65,medium,lead,2.5,single_day,2,True,False,False,accepted,,manual_first_pass
1531,"Day 11 - Slab pour, pour 1","ON SITE WORKS > SUPERSTRUCTURE > LEVEL 12 - ROOF ~ 1,400m2","slab pour, pour",1,1,concrete_pump,0.95,high,lead,8.0,single_day,1,True,False,False,accepted,,manual_first_pass
1531,"Day 11 - Slab pour, pour 1","ON SITE WORKS > SUPERSTRUCTURE > LEVEL 12 - ROOF ~ 1,400m2","slab pour, pour",1,1,telehandler,0.2,low,incidental,0.5,single_day,2,False,False,True,accepted,,manual_first_pass
1532,Day 12 - Strip Slab Edging and prepare for Pour 2,"ON SITE WORKS > SUPERSTRUCTURE > LEVEL 12 - ROOF ~ 1,400m2",strip slab edging and prepare for pour,1,1,telehandler,0.3,low,lead,1.5,single_day,1,True,False,False,accepted,,manual_first_pass
1532,Day 12 - Strip Slab Edging and prepare for Pour 2,"ON SITE WORKS > SUPERSTRUCTURE > LEVEL 12 - ROOF ~ 1,400m2",strip slab edging and prepare for pour,1,1,forklift,0.25,low,incidental,0.5,single_day,2,False,False,True,accepted,,manual_first_pass
1533,"Day 13 - Slab Pour, pour 2","ON SITE WORKS > SUPERSTRUCTURE > LEVEL 12 - ROOF ~ 1,400m2","slab pour, pour",1,1,concrete_pump,0.95,high,lead,8.0,single_day,1,True,False,False,accepted,,manual_first_pass
1533,"Day 13 - Slab Pour, pour 2","ON SITE WORKS > SUPERSTRUCTURE > LEVEL 12 - ROOF ~ 1,400m2","slab pour, pour",1,1,telehandler,0.2,low,incidental,0.5,single_day,2,False,False,True,accepted,,manual_first_pass
1550,FRP Services Plant plinth and Concrete Bunds,ON SITE WORKS > ROOF PLANT INSTALLATION,frp services plant plinth and concrete bunds,10,10,hoist,0.5,medium,incidental,1.0,inverse_bell,2,False,False,True,corrected,confidence|estimated_hours,manual_first_pass
1552,Deliver services plant before crane removal,ON SITE WORKS > ROOF PLANT INSTALLATION,deliver services plant before crane removal,3,3,crane,0.8,high,lead,2.5,single_day_start,1,True,False,False,corrected,type|confidence,manual_first_pass
1552,Deliver services plant before crane removal,ON SITE WORKS > ROOF PLANT INSTALLATION,deliver services plant before crane removal,3,3,hoist,0.2,low,incidental,0.5,single_day_start,2,False,False,True,accepted,,manual_first_pass
1561,Hydraulic - High level services,ON SITE WORKS > FITOUT > FITOUT GROUND LEVEL - CARPARK / RETAIL > High Level Services,hydraulic - high level services,9,9,telehandler,0.25,low,incidental,5.0,inverse_bell,2,False,False,True,accepted,,manual_first_pass
1561,Hydraulic - High level services,ON SITE WORKS > FITOUT > FITOUT GROUND LEVEL - CARPARK / RETAIL > High Level Services,hydraulic - high level services,9,9,hoist,0.4,medium,incidental,2.0,inverse_bell,3,False,False,True,corrected,confidence|estimated_hours,manual_first_pass
1561,Hydraulic - High level services,ON SITE WORKS > FITOUT > FITOUT GROUND LEVEL - CARPARK / RETAIL > High Level Services,hydraulic - high level services,9,9,forklift,0.15,low,incidental,5.0,inverse_bell,4,False,False,True,accepted,,manual_first_pass
1562,Fire - High level services,ON SITE WORKS > FITOUT > FITOUT GROUND LEVEL - CARPARK / RETAIL > High Level Services,fire - high level services,19,19,ewp,0.7,medium,lead,94.5,bell,1,True,False,False,accepted,,manual_first_pass
1562,Fire - High level services,ON SITE WORKS > FITOUT > FITOUT GROUND LEVEL - CARPARK / RETAIL > High Level Services,fire - high level services,19,19,telehandler,0.25,low,incidental,10.5,inverse_bell,2,False,False,True,accepted,,manual_first_pass
1562,Fire - High level services,ON SITE WORKS > FITOUT > FITOUT GROUND LEVEL - CARPARK / RETAIL > High Level Services,fire - high level services,19,19,hoist,0.2,low,incidental,14.0,inverse_bell,3,False,False,True,accepted,,manual_first_pass
1562,Fire - High level services,ON SITE WORKS > FITOUT > FITOUT GROUND LEVEL - CARPARK / RETAIL > High Level Services,fire - high level services,19,19,forklift,0.15,low,incidental,10.5,inverse_bell,4,False,False,True,accepted,,manual_first_pass
1564,Electrical + Com + Security - High level services,ON SITE WORKS > FITOUT > FITOUT GROUND LEVEL - CARPARK / RETAIL > High Level Services,electrical + com + security - high level services,13,13,telehandler,0.25,low,incidental,7.5,inverse_bell,2,False,False,True,accepted,,manual_first_pass
1564,Electrical + Com + Security - High level services,ON SITE WORKS > FITOUT > FITOUT GROUND LEVEL - CARPARK / RETAIL > High Level Services,electrical + com + security - high level services,13,13,hoist,0.2,low,incidental,9.5,inverse_bell,3,False,False,True,accepted,,manual_first_pass
1564,Electrical + Com + Security - High level services,ON SITE WORKS > FITOUT > FITOUT GROUND LEVEL - CARPARK / RETAIL > High Level Services,electrical + com + security - high level services,13,13,forklift,0.15,low,incidental,7.0,inverse_bell,4,False,False,True,accepted,,manual_first_pass
1572,"2nd fix Services (Fire, Elec, Mech, Hyd)",ON SITE WORKS > FITOUT > FITOUT GROUND LEVEL - CARPARK / RETAIL > Retail,2nd fix services,3,3,hoist,0.2,low,incidental,1.0,uniform,2,False,False,True,corrected,estimated_hours,manual_first_pass
1572,"2nd fix Services (Fire, Elec, Mech, Hyd)",ON SITE WORKS > FITOUT > FITOUT GROUND LEVEL - CARPARK / RETAIL > Retail,2nd fix services,3,3,forklift,0.15,low,incidental,1.5,uniform,3,False,False,True,accepted,,manual_first_pass
1574,PB wall sheeting,ON SITE WORKS > FITOUT > FITOUT GROUND LEVEL - CARPARK / RETAIL > Retail,pb wall sheeting,4,4,forklift,0.4,medium,lead,2.0,uniform,1,True,False,False,corrected,confidence|estimated_hours,manual_first_pass
1574,PB wall sheeting,ON SITE WORKS > FITOUT > FITOUT GROUND LEVEL - CARPARK / RETAIL > Retail,pb wall sheeting,4,4,loading_bay,0.4,medium,incidental,2.0,front_loaded,2,False,False,True,corrected,confidence,manual_first_pass
1575,PB bulkhead + ceiling sheeting,ON SITE WORKS > FITOUT > FITOUT GROUND LEVEL - CARPARK / RETAIL > Retail,pb bulkhead + ceiling sheeting,4,4,forklift,0.4,medium,lead,3.0,uniform,1,True,False,False,corrected,confidence|estimated_hours,manual_first_pass
1575,PB bulkhead + ceiling sheeting,ON SITE WORKS > FITOUT > FITOUT GROUND LEVEL - CARPARK / RETAIL > Retail,pb bulkhead + ceiling sheeting,4,4,loading_bay,0.4,medium,incidental,2.0,front_loaded,2,False,False,True,corrected,confidence,manual_first_pass
1587,Floor tiling,ON SITE WORKS > FITOUT > FITOUT GROUND LEVEL - CARPARK / RETAIL > Bathroom / End of Trip,floor tiling,8,8,forklift,0.2,low,lead,10.0,uniform,1,True,False,False,accepted,,manual_first_pass
1587,Floor tiling,ON SITE WORKS > FITOUT > FITOUT GROUND LEVEL - CARPARK / RETAIL > Bathroom / End of Trip,floor tiling,8,8,loading_bay,0.15,low,incidental,4.5,inverse_bell,2,False,False,True,accepted,,manual_first_pass
